USDCHF__50,USDCHF_50,USDCHF__30,USDCHF_30,USDCHF__20,USDCHF_20,USDCHF__15,USDCHF_15,USDCHF__10,USDCHF_10,GBPUSD__50,GBPUSD_50,GBPUSD__30,GBPUSD_30,GBPUSD__20,GBPUSD_20,GBPUSD__15,GBPUSD_15,GBPUSD__10,GBPUSD_10,EURUSD__50,EURUSD_50,EURUSD__30,EURUSD_30,EURUSD__20,EURUSD_20,EURUSD__15,EURUSD_15,EURUSD__10,EURUSD_10,USDJPY__50,USDJPY_50,USDJPY__30,USDJPY_30,USDJPY__20,USDJPY_20,USDJPY__15,USDJPY_15,USDJPY__10,USDJPY_10,USDCAD__50,USDCAD_50,USDCAD__30,USDCAD_30,USDCAD__20,USDCAD_20,USDCAD__15,USDCAD_15,USDCAD__10,USDCAD_10,AUDUSD__50,AUDUSD_50,AUDUSD__30,AUDUSD_30,AUDUSD__20,AUDUSD_20,AUDUSD__15,AUDUSD_15,AUDUSD__10,AUDUSD_10,NZDUSD__50,NZDUSD_50,NZDUSD__30,NZDUSD_30,NZDUSD__20,NZDUSD_20,NZDUSD__15,NZDUSD_15,NZDUSD__10,NZDUSD_10,GBPCHF__50,GBPCHF_50,GBPCHF__30,GBPCHF_30,GBPCHF__20,GBPCHF_20,GBPCHF__15,GBPCHF_15,GBPCHF__10,GBPCHF_10,EURCHF__50,EURCHF_50,EURCHF__30,EURCHF_30,EURCHF__20,EURCHF_20,EURCHF__15,EURCHF_15,EURCHF__10,EURCHF_10,CHFJPY__50,CHFJPY_50,CHFJPY__30,CHFJPY_30,CHFJPY__20,CHFJPY_20,CHFJPY__15,CHFJPY_15,CHFJPY__10,CHFJPY_10,CADCHF__50,CADCHF_50,CADCHF__30,CADCHF_30,CADCHF__20,CADCHF_20,CADCHF__15,CADCHF_15,CADCHF__10,CADCHF_10,AUDCHF__50,AUDCHF_50,AUDCHF__30,AUDCHF_30,AUDCHF__20,AUDCHF_20,AUDCHF__15,AUDCHF_15,AUDCHF__10,AUDCHF_10,NZDCHF__50,NZDCHF_50,NZDCHF__30,NZDCHF_30,NZDCHF__20,NZDCHF_20,NZDCHF__15,NZDCHF_15,NZDCHF__10,NZDCHF_10,EURGBP__50,EURGBP_50,EURGBP__30,EURGBP_30,EURGBP__20,EURGBP_20,EURGBP__15,EURGBP_15,EURGBP__10,EURGBP_10,GBPJPY__50,GBPJPY_50,GBPJPY__30,GBPJPY_30,GBPJPY__20,GBPJPY_20,GBPJPY__15,GBPJPY_15,GBPJPY__10,GBPJPY_10,GBPCAD__50,GBPCAD_50,GBPCAD__30,GBPCAD_30,GBPCAD__20,GBPCAD_20,GBPCAD__15,GBPCAD_15,GBPCAD__10,GBPCAD_10,GBPAUD__50,GBPAUD_50,GBPAUD__30,GBPAUD_30,GBPAUD__20,GBPAUD_20,GBPAUD__15,GBPAUD_15,GBPAUD__10,GBPAUD_10,EURJPY__50,EURJPY_50,EURJPY__30,EURJPY_30,EURJPY__20,EURJPY_20,EURJPY__15,EURJPY_15,EURJPY__10,EURJPY_10,EURCAD__50,EURCAD_50,EURCAD__30,EURCAD_30,EURCAD__20,EURCAD_20,EURCAD__15,EURCAD_15,EURCAD__10,EURCAD_10,EURAUD__50,EURAUD_50,EURAUD__30,EURAUD_30,EURAUD__20,EURAUD_20,EURAUD__15,EURAUD_15,EURAUD__10,EURAUD_10,EURNZD__50,EURNZD_50,EURNZD__30,EURNZD_30,EURNZD__20,EURNZD_20,EURNZD__15,EURNZD_15,EURNZD__10,EURNZD_10,CADJPY__50,CADJPY_50,CADJPY__30,CADJPY_30,CADJPY__20,CADJPY_20,CADJPY__15,CADJPY_15,CADJPY__10,CADJPY_10,AUDJPY__50,AUDJPY_50,AUDJPY__30,AUDJPY_30,AUDJPY__20,AUDJPY_20,AUDJPY__15,AUDJPY_15,AUDJPY__10,AUDJPY_10,NZDJPY__50,NZDJPY_50,NZDJPY__30,NZDJPY_30,NZDJPY__20,NZDJPY_20,NZDJPY__15,NZDJPY_15,NZDJPY__10,NZDJPY_10,AUDCAD__50,AUDCAD_50,AUDCAD__30,AUDCAD_30,AUDCAD__20,AUDCAD_20,AUDCAD__15,AUDCAD_15,AUDCAD__10,AUDCAD_10,NZDCAD__50,NZDCAD_50,NZDCAD__30,NZDCAD_30,NZDCAD__20,NZDCAD_20,NZDCAD__15,NZDCAD_15,NZDCAD__10,NZDCAD_10,AUDNZD__50,AUDNZD_50,AUDNZD__30,AUDNZD_30,AUDNZD__20,AUDNZD_20,AUDNZD__15,AUDNZD_15,AUDNZD__10,AUDNZD_10
EURJPY,0.27743,USDCHF,0.33929,USDJPY,0.375,GBPCAD,0.57735,AUDNZD,0.66667,EURNZD,0.31807,GBPAUD,0.48007,GBPJPY,0.5334,GBPAUD,0.49237,EURCHF,0.65465,EURJPY,0.36775,EURJPY,0.46429,EURJPY,0.6,EURJPY,0.60714,EURJPY,0.58333,AUDUSD,0.33092,AUDCAD,0.3546,AUDCAD,0.61616,AUDCAD,0.49099,CADCHF,0.65465,EURCHF,0.24175,AUDCAD,0.47321,AUDCAD,0.61616,AUDCAD,0.76376,EURAUD,0.80178,EURAUD,0.19678,EURCHF,0.52177,EURCHF,0.56044,EURAUD,0.44444,EURCHF,0.76376,EURJPY,0.2987,CADCHF,0.46667,EURCHF,0.52414,EURCHF,0.6001,EURCHF,0.76376,NZDCHF,0.44928,NZDCHF,0.42426,NZDCHF,0.40825,NZDCHF,0.46429,EURUSD,0.66667,GBPJPY,0.27743,USDCHF,0.27866,USDCHF,0.38516,USDCHF,0.28868,EURUSD,0.61237,GBPJPY,0.31795,CADCHF,0.40825,EURJPY,0.61237,EURJPY,0.66144,EURJPY,0.8165,AUDCAD,0.4391,EURCAD,0.53452,AUDCAD,0.59596,AUDCAD,0.6001,GBPAUD,0.76376,NZDUSD,0.35807,NZDUSD,0.33929,CHFJPY,0.40825,EURAUD,0.44444,AUDNZD,0.40825,GBPCAD,0.24418,GBPCAD,0.40825,GBPCAD,0.40825,GBPCAD,0.44444,AUDNZD,0.53452,GBPCHF,0.41391,USDCAD,0.4842,USDCHF,0.5334,USDCHF,0.49099,EURUSD,0.8165,USDCHF,0.35897,USDCHF,0.49099,USDCHF,0.73855,EURNZD,0.72222,USDCHF,0.8165,EURCAD,0.51923,GBPJPY,0.48007,GBPCAD,0.66667,GBPCAD,0.57735,GBPCAD,0.66667,AUDJPY,0.32026,USDCHF,0.29579,USDCHF,0.45833,NZDCHF,0.56408,EURUSD,0.61237,EURUSD,0.28824,EURJPY,0.33929,EURJPY,0.6,EURJPY,0.76376,CADJPY,0.66667,AUDCAD,0.51923,EURCAD,0.47321,AUDCAD,0.70353,AUDCAD,0.60714,EURAUD,0.65465,EURUSD,0.31807,EURUSD,0.33036,EURUSD,0.4,NZDCAD,0.49099,USDCAD,0.53452,GBPCAD,0.28205,NZDCAD,0.59276,NZDCAD,0.60053,NZDCAD,0.72222,NZDCAD,0.8165,AUDCAD,0.28205,AUDCAD,0.3546,AUDCAD,0.61616,AUDCAD,0.49099,CADCHF,0.65465,CADCHF,0.16386,EURCHF,0.33296,CADCHF,0.45303,CADCHF,0.56408,CADCHF,0.53452,NZDCAD,0.23775,CHFJPY,0.43301,CADCHF,0.66375,CADCHF,0.56408,CADCHF,0.53452,EURUSD,0.31807,NZDCAD,0.33634,NZDCAD,0.41414,NZDCAD,0.49099,USDCAD,0.53452,EURCAD,0.31807,EURCAD,0.60714,NZDCAD,0.61616,NZDCAD,0.66667,NZDCAD,0.66667,GBPCAD,0.37589,GBPCAD,0.6495,GBPCAD,0.58333,GBPCAD,0.72222,GBPCAD,0.80178
NZDCAD,0.23775,EURCAD,0.33036,CADJPY,0.375,AUDUSD,0.5,NZDCAD,0.66667,NZDCHF,0.27536,NZDCHF,0.40825,EURCHF,0.45303,AUDNZD,0.49099,GBPAUD,0.5,USDCHF,0.27885,CADCHF,0.40089,USDCHF,0.40825,AUDNZD,0.33929,GBPAUD,0.40825,NZDUSD,0.2871,AUDUSD,0.33887,AUDUSD,0.45303,CADCHF,0.49099,USDCHF,0.40825,CHFJPY,0.24175,AUDCHF,0.46429,NZDUSD,0.50252,NZDUSD,0.76376,AUDCAD,0.80178,NZDUSD,0.18831,NZDCHF,0.40825,NZDCAD,0.45303,EURCHF,0.44444,GBPJPY,0.61237,GBPJPY,0.20646,GBPJPY,0.40825,CADCHF,0.50252,AUDCAD,0.46429,GBPJPY,0.61237,GBPCHF,0.35588,GBPCHF,0.25,AUDUSD,0.25678,AUDUSD,0.37796,GBPJPY,0.58333,NZDCAD,0.23282,EURJPY,0.27866,CHFJPY,0.38516,USDJPY,0.28868,CHFJPY,0.5,EURJPY,0.30694,CHFJPY,0.38889,CADCHF,0.5334,GBPCHF,0.47246,CHFJPY,0.6,EURCAD,0.28205,USDJPY,0.40825,EURUSD,0.50252,AUDCHF,0.6001,EURJPY,0.53452,EURUSD,0.31807,USDCHF,0.33036,EURUSD,0.4,NZDCAD,0.38889,NZDCAD,0.40825,CADCHF,0.23775,AUDUSD,0.34586,GBPAUD,0.31449,GBPAUD,0.43082,NZDCAD,0.53452,USDCHF,0.35807,USDCHF,0.43444,EURUSD,0.50252,AUDUSD,0.47246,AUDUSD,0.5,CADCHF,0.27885,CADCHF,0.40825,EURUSD,0.70353,USDCHF,0.66667,EURUSD,0.8165,CADCHF,0.35897,GBPCAD,0.48007,GBPJPY,0.66667,GBPJPY,0.57735,GBPJPY,0.66667,EURCAD,0.32026,AUDNZD,0.29187,EURUSD,0.40825,USDCHF,0.49237,USDJPY,0.61237,EURJPY,0.25223,CHFJPY,0.32733,NZDJPY,0.52414,USDJPY,0.66667,USDJPY,0.66667,EURCAD,0.36218,AUDCAD,0.47321,AUDUSD,0.52414,AUDCHF,0.60714,AUDCAD,0.65465,AUDCAD,0.27885,EURCHF,0.27866,AUDUSD,0.31449,EURUSD,0.46429,NZDCAD,0.53452,NZDCAD,0.24418,AUDUSD,0.45134,CADCHF,0.45303,CADCHF,0.49099,EURNZD,0.6,AUDUSD,0.24982,AUDUSD,0.33887,AUDUSD,0.45303,CADCHF,0.49099,USDCHF,0.40825,EURNZD,0.16386,USDJPY,0.28868,EURCHF,0.31868,GBPCHF,0.34247,CHFJPY,0.40825,CHFJPY,0.20646,CADCHF,0.42426,NZDCAD,0.38982,GBPCHF,0.34247,CHFJPY,0.40825,CHFJPY,0.2871,EURCHF,0.33634,EURCHF,0.38982,EURUSD,0.46429,NZDCAD,0.53452,NZDCAD,0.28824,CADCHF,0.53452,EURCAD,0.50252,GBPCHF,0.6001,GBPCHF,0.66667,EURJPY,0.31253,GBPUSD,0.45134,EURCAD,0.40825,EURCAD,0.49099,EURNZD,0.65465
CHFJPY,0.20646,USDJPY,0.32733,EURAUD,0.32824,USDCAD,0.47246,GBPCAD,0.58333,USDJPY,0.24418,GBPJPY,0.38889,GBPAUD,0.45303,NZDCHF,0.49099,AUDNZD,0.40825,CHFJPY,0.27743,NZDCHF,0.40089,CHFJPY,0.40825,NZDUSD,0.33929,CHFJPY,0.40825,AUDCAD,0.28205,USDJPY,0.25,AUDCHF,0.30151,AUDCHF,0.49099,GBPCHF,0.40825,USDCHF,0.24019,AUDUSD,0.43444,AUDCHF,0.50252,AUDCHF,0.76376,AUDCHF,0.80178,EURCHF,0.18831,EURAUD,0.40825,EURAUD,0.38982,NZDCAD,0.38889,EURGBP,0.5,CADCHF,0.19678,EURJPY,0.40089,GBPJPY,0.40825,NZDUSD,0.46429,EURGBP,0.5,AUDCHF,0.3245,GBPAUD,0.24456,GBPCHF,0.25678,EURUSD,0.33929,GBPCAD,0.58333,CHFJPY,0.21753,NZDUSD,0.26068,EURCHF,0.31868,CADJPY,0.28868,EURNZD,0.5,NZDJPY,0.28365,GBPJPY,0.38889,USDCHF,0.45833,AUDNZD,0.37796,GBPAUD,0.5,AUDCHF,0.27885,CADJPY,0.40825,NZDUSD,0.50252,EURCHF,0.44444,AUDCHF,0.52381,CHFJPY,0.2871,EURUSD,0.33036,NZDUSD,0.4,CHFJPY,0.38889,USDCAD,0.40825,NZDCHF,0.19485,GBPUSD,0.33634,AUDUSD,0.31449,NZDCAD,0.38889,USDCAD,0.53452,EURGBP,0.35065,GBPCHF,0.34238,USDCAD,0.41414,EURUSD,0.46429,NZDUSD,0.5,GBPCHF,0.24418,CHFJPY,0.38889,CADCHF,0.61616,EURUSD,0.6001,CADCHF,0.65465,NZDCHF,0.31807,EURGBP,0.43541,GBPUSD,0.5334,AUDUSD,0.4,AUDUSD,0.61237,NZDCHF,0.2809,AUDJPY,0.2823,AUDJPY,0.25678,NZDCAD,0.49237,CADJPY,0.61237,CHFJPY,0.23282,NZDCHF,0.26726,AUDJPY,0.52414,CADJPY,0.66667,NZDJPY,0.66667,NZDCAD,0.31807,AUDUSD,0.29579,NZDCAD,0.50252,NZDCAD,0.49099,AUDCHF,0.65465,NZDUSD,0.27743,NZDCAD,0.26068,EURCHF,0.31449,EURCHF,0.32733,EURCHF,0.52381,AUDJPY,0.19872,GBPCAD,0.43939,GBPCAD,0.38516,EURNZD,0.38889,AUDUSD,0.5,NZDUSD,0.20646,USDJPY,0.25,AUDCHF,0.30151,AUDCHF,0.49099,GBPCHF,0.40825,EURAUD,0.16386,CHFJPY,0.28868,AUDCHF,0.31449,EURJPY,0.26189,USDCHF,0.25,CADCHF,0.20192,NZDJPY,0.39129,USDCHF,0.38516,EURJPY,0.26189,USDCHF,0.25,USDCAD,0.27885,USDCHF,0.26726,EURUSD,0.30151,EURCHF,0.32733,EURCHF,0.52381,GBPUSD,0.25223,GBPCAD,0.46371,GBPCAD,0.49237,EURCAD,0.49099,GBPCAD,0.58333,GBPUSD,0.31253,AUDUSD,0.43541,AUDUSD,0.38516,NZDCAD,0.38889,EURCAD,0.65465
USDCHF,0.20192,CADJPY,0.32733,USDCAD,0.28721,NZDJPY,0.4,EURNZD,0.40825,AUDCHF,0.23775,EURGBP,0.33887,GBPUSD,0.41414,EURNZD,0.44444,GBPJPY,0.40825,AUDUSD,0.24982,USDCHF,0.33929,GBPJPY,0.40825,NZDCHF,0.33929,GBPCAD,0.25,AUDCHF,0.28205,CADJPY,0.25,NZDUSD,0.30151,EURAUD,0.38889,AUDNZD,0.40825,AUDCAD,0.24019,EURCHF,0.41349,AUDUSD,0.45303,EURCHF,0.66667,EURCHF,0.80178,AUDNZD,0.14368,CADCHF,0.40825,CADCHF,0.38982,CADCHF,0.32733,GBPUSD,0.5,USDCHF,0.19678,GBPUSD,0.33634,EURJPY,0.4,CADCHF,0.46429,GBPUSD,0.5,CADCHF,0.3245,AUDUSD,0.19565,USDCHF,0.25,USDCHF,0.32733,AUDUSD,0.40825,AUDCAD,0.19678,AUDCAD,0.26068,NZDUSD,0.31449,EURCHF,0.28868,USDCHF,0.40825,CHFJPY,0.26449,USDCHF,0.3546,CHFJPY,0.45833,CADCHF,0.37796,USDCHF,0.40825,NZDCAD,0.23775,EURUSD,0.40089,EURCAD,0.50252,EURAUD,0.44444,AUDCAD,0.52381,USDCAD,0.27885,GBPAUD,0.29579,AUDUSD,0.31449,EURUSD,0.32733,EURJPY,0.40825,CADJPY,0.16386,CHFJPY,0.27217,CADCHF,0.30151,GBPUSD,0.32733,EURJPY,0.53452,USDCAD,0.2871,AUDCHF,0.25882,AUDUSD,0.38982,NZDCHF,0.33929,USDCHF,0.40825,EURUSD,0.24418,EURUSD,0.3546,GBPJPY,0.5334,NZDCHF,0.49099,EURNZD,0.6,GBPCAD,0.28205,EURCAD,0.39747,NZDCAD,0.49237,EURGBP,0.37796,NZDUSD,0.61237,USDCHF,0.24019,NZDCAD,0.24661,AUDUSD,0.25678,EURNZD,0.43082,AUDJPY,0.61237,NZDJPY,0.20064,AUDNZD,0.25882,GBPJPY,0.40825,AUDJPY,0.57735,AUDJPY,0.66667,AUDUSD,0.31795,NZDCAD,0.27866,GBPCAD,0.40825,EURAUD,0.49099,EURNZD,0.6,EURCHF,0.19678,USDJPY,0.21822,NZDCAD,0.30151,EURAUD,0.32733,EURUSD,0.35635,AUDNZD,0.16871,AUDJPY,0.3862,EURNZD,0.38516,EURCHF,0.38889,NZDUSD,0.5,AUDCHF,0.20192,CADJPY,0.25,NZDUSD,0.30151,EURAUD,0.38889,AUDNZD,0.40825,GBPCAD,0.16386,CADJPY,0.28868,EURNZD,0.25678,AUDCAD,0.26189,GBPJPY,0.25,GBPAUD,0.16013,NZDCAD,0.38052,GBPJPY,0.38516,AUDCAD,0.26189,GBPJPY,0.25,NZDCAD,0.24418,EURUSD,0.26726,USDCAD,0.21212,EURAUD,0.32733,EURUSD,0.35635,EURJPY,0.25223,NZDCAD,0.41349,GBPJPY,0.49237,GBPCAD,0.44444,GBPJPY,0.58333,GBPJPY,0.29417,EURCAD,0.43444,NZDCAD,0.32824,EURAUD,0.38889,USDCHF,0.53452
USDJPY,0.19872,USDCAD,0.26726,AUDJPY,0.25678,AUDJPY,0.4,EURCAD,0.40825,USDCHF,0.23775,AUDNZD,0.33887,USDCHF,0.32824,GBPJPY,0.38889,USDCAD,0.40825,EURUSD,0.24418,EURNZD,0.33036,NZDJPY,0.31449,EURNZD,0.32733,USDCHF,0.16667,EURJPY,0.20646,AUDNZD,0.22591,AUDNZD,0.28721,AUDNZD,0.32733,EURUSD,0.40825,AUDCHF,0.24019,NZDUSD,0.33929,EURCHF,0.45303,EURAUD,0.66667,GBPAUD,0.61237,EURJPY,0.13636,EURCAD,0.3546,AUDCHF,0.31449,EURUSD,0.32733,CHFJPY,0.5,NZDCAD,0.17138,EURCHF,0.33634,AUDCHF,0.4,AUDCHF,0.46429,CHFJPY,0.5,EURGBP,0.25223,EURNZD,0.18898,GBPCAD,0.25,USDJPY,0.32733,NZDUSD,0.40825,NZDUSD,0.18831,GBPCHF,0.19026,EURUSD,0.31449,CHFJPY,0.28868,NZDCAD,0.40825,EURUSD,0.19025,NZDJPY,0.33887,GBPJPY,0.45833,NZDUSD,0.37796,GBPJPY,0.40825,AUDUSD,0.23684,AUDCAD,0.40089,GBPUSD,0.41414,GBPAUD,0.43082,EURCHF,0.52381,GBPJPY,0.27885,NZDCHF,0.26726,GBPCHF,0.31449,AUDCAD,0.32733,GBPAUD,0.375,USDCHF,0.15743,GBPJPY,0.27217,NZDCAD,0.30151,USDCAD,0.32733,GBPCAD,0.35635,AUDCHF,0.27743,NZDUSD,0.25882,GBPCAD,0.32824,AUDNZD,0.33929,GBPJPY,0.40825,EURNZD,0.19872,EURJPY,0.32733,CHFJPY,0.5334,EURJPY,0.49099,CHFJPY,0.6,EURNZD,0.27885,GBPUSD,0.3862,AUDUSD,0.47076,EURJPY,0.37796,NZDCAD,0.58333,NZDJPY,0.2,CADJPY,0.22591,CHFJPY,0.25,EURUSD,0.34247,NZDJPY,0.61237,AUDNZD,0.19025,NZDJPY,0.25882,USDJPY,0.40825,NZDJPY,0.57735,GBPCHF,0.66667,EURUSD,0.23775,USDCAD,0.26726,GBPJPY,0.40825,GBPCHF,0.46429,AUDUSD,0.5,AUDUSD,0.15573,CADJPY,0.21822,AUDCAD,0.30151,USDCHF,0.21822,USDJPY,0.35635,AUDUSD,0.16871,NZDJPY,0.3862,GBPJPY,0.38516,GBPCAD,0.38889,USDCHF,0.40825,AUDNZD,0.15573,AUDNZD,0.22591,AUDNZD,0.28721,AUDNZD,0.32733,EURUSD,0.40825,AUDCHF,0.16386,CADCHF,0.28284,AUDCAD,0.24232,NZDUSD,0.26189,USDJPY,0.25,GBPCHF,0.15743,EURCHF,0.33296,CHFJPY,0.38516,NZDUSD,0.26189,USDJPY,0.25,EURCHF,0.19678,GBPAUD,0.20751,CADCHF,0.19192,USDCHF,0.21822,USDJPY,0.35635,GBPCAD,0.24418,GBPUSD,0.39551,AUDUSD,0.45303,GBPJPY,0.44444,EURGBP,0.40825,AUDUSD,0.28123,EURUSD,0.39747,EURAUD,0.32824,EURGBP,0.32733,GBPCHF,0.53452
AUDCAD,0.19872,CADCHF,0.26726,USDCHF,0.25,AUDNZD,0.37796,AUDUSD,0.40825,CADCHF,0.23775,EURNZD,0.32733,GBPCAD,0.32824,EURCHF,0.38889,GBPCHF,0.40825,GBPCHF,0.24418,EURCAD,0.33036,GBPUSD,0.30151,CHFJPY,0.21822,NZDCHF,0.16667,GBPJPY,0.20192,NZDUSD,0.21822,CADCHF,0.21212,EURUSD,0.32733,AUDCAD,0.21822,GBPAUD,0.2,USDCHF,0.33929,CADCHF,0.41414,AUDUSD,0.57735,AUDUSD,0.61237,EURGBP,0.13636,AUDCHF,0.3546,EURCAD,0.31449,NZDUSD,0.32733,GBPCHF,0.40825,NZDCHF,0.15198,NZDCHF,0.33333,GBPAUD,0.31449,GBPAUD,0.34247,GBPCHF,0.40825,EURCAD,0.24418,EURJPY,0.18898,USDJPY,0.25,CADJPY,0.32733,CHFJPY,0.40825,GBPCHF,0.17138,NZDCAD,0.18552,EURCAD,0.31449,GBPCAD,0.28868,EURJPY,0.40825,NZDCAD,0.19025,EURJPY,0.32733,EURUSD,0.40825,NZDCAD,0.28868,NZDCAD,0.40825,GBPJPY,0.19872,CADCHF,0.33333,NZDCAD,0.39394,EURUSD,0.32733,EURAUD,0.52381,EURJPY,0.27743,AUDCAD,0.20536,NZDJPY,0.31449,NZDUSD,0.32733,AUDUSD,0.25,EURCHF,0.15198,EURUSD,0.26726,GBPUSD,0.30151,CADCHF,0.32733,AUDUSD,0.32733,NZDCHF,0.23282,EURCHF,0.24661,GBPJPY,0.32824,USDCAD,0.33929,USDCAD,0.40825,AUDCHF,0.19872,AUDCHF,0.32733,EURJPY,0.50252,CADCHF,0.49099,EURJPY,0.40825,AUDCAD,0.20192,CADCHF,0.34586,EURGBP,0.45833,GBPUSD,0.37796,GBPCHF,0.58333,CADCHF,0.16013,USDJPY,0.22591,GBPCAD,0.25,AUDNZD,0.26189,EURCAD,0.5,EURCHF,0.17138,AUDJPY,0.25882,CADJPY,0.40825,EURCAD,0.49099,EURJPY,0.66667,CADCHF,0.20192,CADCHF,0.26726,AUDCHF,0.4,AUDUSD,0.37796,NZDUSD,0.5,CHFJPY,0.12581,AUDCAD,0.20536,EURAUD,0.30151,CHFJPY,0.21822,GBPJPY,0.35635,EURJPY,0.12581,GBPUSD,0.35747,AUDUSD,0.34066,GBPJPY,0.38889,NZDCHF,0.40825,EURJPY,0.12581,NZDUSD,0.21822,CADCHF,0.21212,EURUSD,0.32733,AUDCAD,0.21822,NZDCAD,0.11433,NZDJPY,0.24456,EURAUD,0.24232,AUDCHF,0.26189,NZDJPY,0.25,AUDNZD,0.15573,GBPJPY,0.28868,NZDJPY,0.31868,AUDCHF,0.26189,NZDJPY,0.25,USDCHF,0.12179,USDCAD,0.2,EURAUD,0.19192,CHFJPY,0.21822,GBPJPY,0.35635,GBPJPY,0.24418,AUDCAD,0.33929,AUDCAD,0.41414,EURGBP,0.32733,GBPUSD,0.40825,EURUSD,0.26212,CADCHF,0.34586,AUDCAD,0.32824,GBPCHF,0.32733,NZDCAD,0.53452
NZDUSD,0.19678,EURAUD,0.26726,AUDNZD,0.25,EURUSD,0.37796,NZDUSD,0.40825,AUDUSD,0.21627,AUDCHF,0.32733,CHFJPY,0.32824,AUDCHF,0.21822,NZDCHF,0.40825,USDJPY,0.20192,AUDCHF,0.33036,CADCHF,0.30151,NZDCAD,0.21822,NZDCAD,0.16667,AUDJPY,0.19872,AUDCHF,0.19094,NZDCAD,0.21212,GBPCHF,0.32733,EURCHF,0.21822,EURGBP,0.16116,CADCHF,0.26726,EURAUD,0.41414,GBPAUD,0.49237,NZDUSD,0.61237,USDJPY,0.12581,NZDUSD,0.32733,GBPJPY,0.25678,AUDCHF,0.32733,USDCAD,0.40825,GBPUSD,0.13636,GBPCAD,0.27217,GBPUSD,0.30151,EURAUD,0.32733,USDCAD,0.40825,USDCHF,0.24418,CHFJPY,0.14434,CADJPY,0.25,CHFJPY,0.32733,EURCAD,0.40825,NZDJPY,0.16116,AUDNZD,0.17216,CADJPY,0.25678,GBPAUD,0.2132,GBPJPY,0.40825,USDCHF,0.16871,EURUSD,0.21822,NZDJPY,0.38516,CADJPY,0.28868,NZDJPY,0.40825,USDJPY,0.19872,AUDUSD,0.20751,AUDUSD,0.38982,NZDUSD,0.32733,EURUSD,0.35635,GBPUSD,0.27743,EURNZD,0.19643,AUDCAD,0.30151,CADCHF,0.32733,NZDUSD,0.25,AUDNZD,0.13497,EURJPY,0.26726,USDCHF,0.20412,AUDUSD,0.28868,NZDUSD,0.32733,NZDUSD,0.21753,NZDCHF,0.20751,CHFJPY,0.32824,EURNZD,0.32733,GBPCAD,0.40825,CHFJPY,0.19678,EURNZD,0.32733,EURNZD,0.49237,NZDCAD,0.38889,NZDCAD,0.40825,AUDJPY,0.20192,NZDCAD,0.31175,CHFJPY,0.45833,GBPCHF,0.37796,EURGBP,0.40825,USDJPY,0.16013,NZDCHF,0.20751,AUDNZD,0.25,AUDUSD,0.2132,EURNZD,0.5,USDCAD,0.16386,GBPCHF,0.23623,CHFJPY,0.40825,EURCHF,0.44444,GBPAUD,0.61237,AUDCHF,0.19872,USDJPY,0.21822,EURCAD,0.4,NZDUSD,0.33929,GBPAUD,0.5,USDCHF,0.12179,USDCHF,0.19643,USDCHF,0.20412,GBPCAD,0.21822,NZDJPY,0.35635,GBPUSD,0.12581,EURAUD,0.33634,NZDJPY,0.31868,AUDNZD,0.32733,NZDJPY,0.40825,EURGBP,0.12581,AUDCHF,0.19094,NZDCAD,0.21212,GBPCHF,0.32733,EURCHF,0.21822,GBPCHF,0.11433,AUDJPY,0.24456,NZDCAD,0.17911,USDCHF,0.18464,AUDJPY,0.25,EURCHF,0.12581,AUDJPY,0.24456,EURCHF,0.31868,USDCHF,0.18464,AUDJPY,0.25,USDJPY,0.12179,CADCHF,0.2,AUDJPY,0.17911,GBPCAD,0.21822,NZDJPY,0.35635,CADCHF,0.23775,GBPCHF,0.33072,GBPUSD,0.39394,GBPUSD,0.32733,EURNZD,0.40825,NZDCAD,0.26212,GBPCHF,0.34238,CADCHF,0.28721,GBPUSD,0.32733,NZDCHF,0.53452
GBPAUD,0.16013,NZDCAD,0.26068,EURJPY,0.20412,NZDUSD,0.37796,CADCHF,0.35635,EURUSD,0.20773,GBPUSD,0.30208,EURGBP,0.32824,AUDCAD,0.21822,AUDCAD,0.21822,EURCAD,0.19872,AUDNZD,0.29579,EURNZD,0.20412,CADJPY,0.21822,NZDJPY,0.16667,NZDJPY,0.16013,GBPCHF,0.14434,EURAUD,0.21212,AUDUSD,0.28868,AUDCHF,0.21822,NZDUSD,0.16116,EURAUD,0.26726,AUDJPY,0.38982,CADCHF,0.49099,NZDCHF,0.58333,GBPJPY,0.12581,USDCAD,0.27217,EURGBP,0.25678,AUDCAD,0.32733,NZDCAD,0.40825,USDJPY,0.12581,CHFJPY,0.27217,NZDCAD,0.30151,GBPJPY,0.32733,NZDCAD,0.40825,AUDJPY,0.23775,GBPCAD,0.14434,CHFJPY,0.25,GBPCAD,0.32733,CADCHF,0.35635,AUDUSD,0.14368,CHFJPY,0.16477,USDJPY,0.25678,GBPUSD,0.18898,NZDCHF,0.40825,AUDJPY,0.16871,AUDJPY,0.19767,GBPCHF,0.25678,EURNZD,0.28868,AUDJPY,0.40825,EURAUD,0.19872,AUDJPY,0.20751,USDCHF,0.32824,NZDCHF,0.32733,NZDCHF,0.35635,NZDJPY,0.24019,CHFJPY,0.19094,USDCAD,0.30151,AUDCHF,0.32733,AUDCAD,0.21822,AUDUSD,0.13497,GBPAUD,0.20751,CADJPY,0.20412,AUDNZD,0.21822,GBPUSD,0.21822,EURCAD,0.19678,CHFJPY,0.19767,NZDCHF,0.30151,EURAUD,0.32733,AUDCAD,0.21822,EURGBP,0.19678,GBPCHF,0.28868,GBPCAD,0.32824,GBPJPY,0.38889,GBPCHF,0.40825,CADJPY,0.20192,EURUSD,0.29579,EURUSD,0.40825,CHFJPY,0.28868,GBPUSD,0.40825,CADJPY,0.16013,EURUSD,0.15714,NZDUSD,0.20412,NZDJPY,0.2132,USDCHF,0.40825,GBPJPY,0.16386,EURNZD,0.20536,EURUSD,0.4,GBPJPY,0.38889,GBPCAD,0.58333,GBPJPY,0.19872,CADJPY,0.21822,NZDUSD,0.4,EURCAD,0.33929,AUDJPY,0.40825,EURCAD,0.12179,GBPAUD,0.15714,CHFJPY,0.20412,AUDCAD,0.19643,AUDJPY,0.35635,AUDCHF,0.12179,NZDCHF,0.33634,AUDJPY,0.31868,EURCAD,0.32733,AUDJPY,0.40825,GBPJPY,0.12179,GBPCHF,0.14434,EURAUD,0.21212,AUDUSD,0.28868,AUDCHF,0.21822,AUDNZD,0.10895,NZDCAD,0.23783,USDCHF,0.17118,CADJPY,0.18464,CADJPY,0.25,EURGBP,0.12581,USDCHF,0.23623,EURUSD,0.31449,CADJPY,0.18464,CADJPY,0.25,CADJPY,0.12179,NZDCHF,0.2,GBPCAD,0.12309,AUDCAD,0.19643,AUDJPY,0.35635,AUDUSD,0.21627,EURUSD,0.33036,CADCHF,0.39394,CADCHF,0.32733,EURCAD,0.40825,EURGBP,0.23028,EURJPY,0.29579,GBPUSD,0.28721,CADCHF,0.32733,AUDNZD,0.53452
EURUSD,0.15743,AUDJPY,0.25882,AUDCHF,0.20412,USDJPY,0.28868,EURJPY,0.25,GBPUSD,0.17138,EURCHF,0.30208,AUDNZD,0.32824,EURCAD,0.21822,EURAUD,0.21822,CADCHF,0.19872,EURAUD,0.26726,GBPCAD,0.20412,GBPJPY,0.21822,AUDJPY,0.16667,EURGBP,0.12581,CADCHF,0.13608,GBPUSD,0.19192,NZDUSD,0.21822,EURAUD,0.21822,EURAUD,0.16013,AUDJPY,0.25882,USDJPY,0.28721,NZDCHF,0.49099,EURGBP,0.40825,USDCAD,0.11613,CADJPY,0.25,USDCAD,0.24232,AUDUSD,0.28868,GBPAUD,0.375,USDCAD,0.11613,USDCHF,0.26726,EURAUD,0.30151,NZDCAD,0.21822,GBPAUD,0.375,EURNZD,0.16386,GBPJPY,0.14434,GBPJPY,0.25,GBPJPY,0.32733,AUDNZD,0.25,USDCHF,0.12581,GBPJPY,0.16477,USDCAD,0.24232,AUDCAD,0.18898,AUDNZD,0.40825,GBPUSD,0.14368,AUDNZD,0.19767,AUDNZD,0.25,GBPCAD,0.28868,CADJPY,0.40825,NZDUSD,0.19678,EURCHF,0.2018,CHFJPY,0.32824,EURCAD,0.32733,EURGBP,0.21822,USDCHF,0.20192,GBPCHF,0.18898,EURAUD,0.30151,AUDUSD,0.28868,EURCHF,0.21822,GBPCHF,0.12721,NZDJPY,0.20751,GBPJPY,0.20412,EURUSD,0.21822,EURNZD,0.21822,CADCHF,0.19678,EURUSD,0.15714,NZDUSD,0.30151,NZDCAD,0.21822,EURCHF,0.21822,GBPAUD,0.16013,NZDCHF,0.27217,NZDCHF,0.30151,CHFJPY,0.38889,NZDCHF,0.40825,GBPJPY,0.20192,GBPAUD,0.29187,NZDUSD,0.40825,CADJPY,0.28868,EURNZD,0.40825,EURNZD,0.16013,EURJPY,0.15714,NZDCHF,0.20412,AUDJPY,0.2132,NZDCHF,0.40825,USDJPY,0.15743,AUDCHF,0.20536,USDCHF,0.20412,CHFJPY,0.38889,EURCAD,0.40825,USDJPY,0.19872,EURJPY,0.20536,EURJPY,0.4,NZDCHF,0.33929,CADJPY,0.40825,EURAUD,0.11859,AUDUSD,0.15714,GBPCAD,0.20412,NZDUSD,0.19643,CADJPY,0.35635,GBPJPY,0.12179,AUDNZD,0.31175,EURCHF,0.31868,NZDCHF,0.32733,CADJPY,0.40825,GBPCAD,0.12179,CADCHF,0.13608,GBPUSD,0.19192,NZDUSD,0.21822,EURAUD,0.21822,GBPUSD,0.09054,AUDCHF,0.18898,CADJPY,0.17118,GBPJPY,0.18464,GBPCHF,0.25,USDCHF,0.12179,GBPUSD,0.19026,EURCAD,0.31449,GBPJPY,0.18464,GBPCHF,0.25,AUDCAD,0.12179,EURAUD,0.2,EURNZD,0.12309,NZDUSD,0.19643,CADJPY,0.35635,EURUSD,0.20773,GBPJPY,0.32733,GBPCHF,0.38982,AUDUSD,0.28868,AUDUSD,0.40825,GBPCHF,0.22935,AUDCAD,0.29579,GBPCHF,0.25678,AUDUSD,0.28868,EURCHF,0.42857
AUDUSD,0.15573,EURUSD,0.20536,EURCAD,0.20412,NZDCAD,0.28868,NZDCHF,0.25,EURJPY,0.17138,EURAUD,0.27217,NZDCHF,0.30151,EURJPY,0.21822,CADCHF,0.21822,EURNZD,0.19872,GBPJPY,0.21822,EURGBP,0.20412,USDCHF,0.21822,CADJPY,0.16667,GBPUSD,0.12581,CHFJPY,0.11111,GBPCHF,0.17911,EURJPY,0.21822,EURGBP,0.2,CADCHF,0.16013,CHFJPY,0.21822,CADJPY,0.28721,EURNZD,0.44444,CHFJPY,0.40825,AUDCAD,0.11613,USDJPY,0.25,GBPUSD,0.17911,AUDJPY,0.28868,AUDUSD,0.25,EURCAD,0.11613,EURCAD,0.26726,USDCHF,0.20412,EURNZD,0.21822,AUDUSD,0.25,EURAUD,0.16386,CADJPY,0.14434,EURUSD,0.20412,EURNZD,0.21822,NZDCAD,0.25,AUDJPY,0.12581,EURUSD,0.14382,CADCHF,0.24232,EURCAD,0.18898,EURCHF,0.32733,NZDCHF,0.10895,EURCAD,0.19094,EURCAD,0.20412,GBPJPY,0.28868,GBPCAD,0.40825,EURJPY,0.19678,NZDCAD,0.2018,GBPCAD,0.32824,AUDUSD,0.28868,EURNZD,0.21822,AUDJPY,0.20192,AUDUSD,0.15714,GBPUSD,0.30151,NZDJPY,0.28868,CADCHF,0.21822,EURUSD,0.12721,AUDJPY,0.20751,AUDNZD,0.20412,EURCAD,0.21822,EURCAD,0.21822,AUDUSD,0.18286,NZDJPY,0.14833,EURNZD,0.28721,CHFJPY,0.21822,EURAUD,0.21822,EURJPY,0.12581,GBPJPY,0.25,AUDCHF,0.30151,GBPCHF,0.32733,GBPJPY,0.40825,AUDCHF,0.19872,AUDUSD,0.2823,EURCAD,0.40825,EURAUD,0.28868,CHFJPY,0.40825,AUDCHF,0.16013,EURGBP,0.14833,EURCAD,0.20412,CHFJPY,0.18464,USDCAD,0.40825,AUDJPY,0.15743,USDCHF,0.19643,EURNZD,0.20412,NZDCAD,0.38889,GBPUSD,0.40825,EURAUD,0.19872,EURUSD,0.19643,NZDJPY,0.31449,EURNZD,0.32733,EURJPY,0.40825,USDCAD,0.11859,NZDJPY,0.15714,AUDNZD,0.20412,CADCHF,0.19643,AUDUSD,0.32733,USDCHF,0.12179,CHFJPY,0.30208,EURCAD,0.31449,NZDJPY,0.28868,GBPCAD,0.40825,EURAUD,0.12179,CHFJPY,0.11111,GBPCHF,0.17911,EURJPY,0.21822,EURGBP,0.2,EURGBP,0.09054,GBPJPY,0.14434,GBPJPY,0.17118,CHFJPY,0.18464,EURJPY,0.25,AUDCHF,0.12179,EURJPY,0.18898,EURJPY,0.31449,CHFJPY,0.18464,EURJPY,0.25,CADCHF,0.11859,CHFJPY,0.13608,USDCHF,0.12309,CADCHF,0.19643,AUDUSD,0.32733,GBPCHF,0.19485,AUDUSD,0.29579,EURUSD,0.30151,NZDCHF,0.21822,NZDUSD,0.40825,AUDCHF,0.21246,AUDCHF,0.25882,EURUSD,0.20412,NZDCHF,0.21822,AUDCAD,0.42857
EURGBP,0.12581,EURNZD,0.19643,AUDUSD,0.17118,CHFJPY,0.28868,USDCHF,0.25,CADJPY,0.16386,CADCHF,0.27217,EURUSD,0.30151,GBPUSD,0.21822,AUDCHF,0.21822,NZDCAD,0.16386,CHFJPY,0.21822,AUDNZD,0.20412,USDJPY,0.21822,GBPJPY,0.16667,USDJPY,0.12179,GBPUSD,0.10985,EURCHF,0.17911,GBPAUD,0.18464,EURCAD,0.2,CADJPY,0.16013,USDJPY,0.19094,GBPAUD,0.24232,USDCAD,0.32733,EURNZD,0.40825,EURNZD,0.11613,EURGBP,0.22591,AUDCAD,0.17911,NZDJPY,0.28868,NZDUSD,0.25,AUDCHF,0.11613,NZDUSD,0.26726,EURNZD,0.20412,EURGBP,0.19643,NZDUSD,0.25,NZDJPY,0.12039,USDJPY,0.14434,EURJPY,0.20412,EURAUD,0.21822,USDCAD,0.25,USDCAD,0.11613,EURNZD,0.14382,EURAUD,0.24232,EURJPY,0.18898,AUDCAD,0.32733,USDCAD,0.0876,AUDCHF,0.19094,AUDCHF,0.20412,USDCHF,0.28868,AUDNZD,0.40825,EURUSD,0.15743,GBPUSD,0.2018,GBPJPY,0.32824,GBPCHF,0.21822,GBPUSD,0.21822,GBPCAD,0.19872,EURCHF,0.14382,USDCHF,0.20412,AUDJPY,0.28868,AUDCHF,0.21822,GBPAUD,0.12039,NZDCAD,0.2018,USDJPY,0.20412,EURJPY,0.21822,GBPAUD,0.21822,AUDJPY,0.12581,GBPAUD,0.14833,NZDJPY,0.24232,CADJPY,0.21822,CADCHF,0.21822,NZDUSD,0.12581,NZDJPY,0.19767,EURCAD,0.30151,AUDCAD,0.21822,AUDCAD,0.21822,AUDUSD,0.16871,EURJPY,0.25882,EURJPY,0.40825,NZDCAD,0.28868,EURCAD,0.40825,AUDNZD,0.12157,NZDJPY,0.13876,GBPCHF,0.17118,GBPCAD,0.18464,NZDCAD,0.40825,CADJPY,0.15743,EURUSD,0.19643,EURGBP,0.20412,GBPCHF,0.32733,EURGBP,0.40825,NZDUSD,0.19678,AUDCHF,0.19643,AUDJPY,0.31449,GBPJPY,0.32733,GBPCAD,0.40825,AUDCHF,0.11859,AUDJPY,0.15714,EURJPY,0.2,AUDCHF,0.19643,NZDUSD,0.32733,CADCHF,0.11859,GBPJPY,0.30208,NZDCHF,0.31449,AUDJPY,0.28868,GBPJPY,0.40825,AUDJPY,0.11859,GBPUSD,0.10985,EURCHF,0.17911,GBPAUD,0.18464,EURCAD,0.2,CHFJPY,0.09054,NZDCHF,0.14142,EURGBP,0.17118,EURAUD,0.18464,NZDCAD,0.16667,GBPCAD,0.12179,AUDCHF,0.18898,AUDCHF,0.31449,EURAUD,0.18464,NZDCAD,0.16667,GBPJPY,0.11859,AUDCAD,0.13363,CHFJPY,0.12309,AUDCHF,0.19643,NZDUSD,0.32733,USDJPY,0.16386,USDCAD,0.26726,NZDUSD,0.30151,AUDCAD,0.21822,CHFJPY,0.40825,AUDCAD,0.21246,EURCHF,0.24661,EURJPY,0.20412,AUDCAD,0.21822,AUDCHF,0.42857
GBPCAD,0.12179,AUDCHF,0.19643,EURCHF,0.17118,CADJPY,0.28868,GBPCHF,0.25,USDCAD,0.16386,GBPCAD,0.25,EURJPY,0.30151,EURGBP,0.21822,EURNZD,0.2,NZDJPY,0.16013,NZDUSD,0.20536,AUDCHF,0.2,USDCAD,0.19643,AUDNZD,0.16667,USDCAD,0.12179,EURGBP,0.08472,NZDJPY,0.17911,EURCHF,0.16667,CHFJPY,0.2,GBPCAD,0.16013,CADJPY,0.19094,USDCAD,0.19192,NZDJPY,0.28868,CADCHF,0.35635,GBPCAD,0.11613,GBPAUD,0.22591,USDJPY,0.17118,USDCAD,0.21822,EURAUD,0.21822,EURNZD,0.11613,AUDCHF,0.26726,GBPCAD,0.20412,GBPUSD,0.19643,EURAUD,0.21822,EURUSD,0.11433,CADCHF,0.14142,NZDJPY,0.17118,EURJPY,0.19643,GBPCHF,0.25,AUDCHF,0.11613,EURCAD,0.12585,NZDCAD,0.17911,EURGBP,0.18898,AUDCHF,0.32733,CADJPY,0.0876,GBPUSD,0.16477,AUDJPY,0.17118,CHFJPY,0.28868,GBPCHF,0.40825,CHFJPY,0.12581,USDCAD,0.2,EURJPY,0.30151,GBPUSD,0.21822,CHFJPY,0.21822,AUDCAD,0.19872,USDCAD,0.13363,GBPJPY,0.20412,EURGBP,0.21822,EURAUD,0.21822,GBPUSD,0.09054,EURAUD,0.2,EURCAD,0.2,GBPJPY,0.16667,EURGBP,0.21822,EURAUD,0.11613,EURGBP,0.13876,GBPAUD,0.24232,USDJPY,0.21822,AUDCHF,0.21822,CADJPY,0.12179,GBPAUD,0.19767,NZDJPY,0.24232,AUDNZD,0.21822,EURAUD,0.21822,EURUSD,0.16386,GBPCHF,0.24456,GBPCHF,0.38516,USDJPY,0.28868,AUDCHF,0.35635,EURUSD,0.12039,EURCAD,0.12016,EURNZD,0.16667,EURAUD,0.12309,GBPCAD,0.40825,EURNZD,0.15743,GBPJPY,0.19094,AUDNZD,0.20412,EURUSD,0.32733,CHFJPY,0.40825,GBPUSD,0.19678,GBPJPY,0.19094,GBPCHF,0.31449,GBPCAD,0.32733,GBPJPY,0.40825,GBPJPY,0.11859,AUDNZD,0.12016,AUDCHF,0.2,AUDUSD,0.18898,GBPUSD,0.21822,USDJPY,0.11859,EURNZD,0.27866,AUDNZD,0.25678,AUDUSD,0.28868,AUDNZD,0.40825,EURCHF,0.11613,EURGBP,0.08472,NZDJPY,0.17911,EURCHF,0.16667,CHFJPY,0.2,NZDUSD,0.09054,GBPCHF,0.1,CHFJPY,0.17118,EURCHF,0.18464,GBPCAD,0.16667,EURJPY,0.11613,EURCAD,0.18898,EURAUD,0.24232,EURCHF,0.18464,GBPCAD,0.16667,EURAUD,0.11859,NZDUSD,0.13363,AUDCHF,0.1005,AUDUSD,0.18898,GBPUSD,0.21822,AUDCAD,0.16386,GBPAUD,0.25882,EURJPY,0.30151,AUDNZD,0.21822,EURCHF,0.35635,EURCAD,0.19612,NZDCAD,0.24661,AUDCHF,0.20412,AUDNZD,0.21822,EURAUD,0.42857
EURCAD,0.12179,EURJPY,0.19643,EURNZD,0.16667,EURNZD,0.28868,USDCAD,0.25,GBPJPY,0.16386,EURUSD,0.21822,AUDCHF,0.30151,GBPCHF,0.21822,EURCAD,0.2,NZDCHF,0.15743,EURUSD,0.20536,EURUSD,0.2,GBPCHF,0.19643,GBPCHF,0.16667,CADCHF,0.12179,EURJPY,0.08183,AUDJPY,0.17911,EURNZD,0.16667,GBPUSD,0.2,USDJPY,0.16013,USDCAD,0.13363,NZDJPY,0.17911,AUDJPY,0.28868,GBPCHF,0.25,NZDCAD,0.09054,AUDNZD,0.22591,EURNZD,0.17118,EURCAD,0.21822,CADCHF,0.21822,EURAUD,0.11613,GBPAUD,0.20751,EURGBP,0.20412,EURJPY,0.19643,CADCHF,0.21822,AUDUSD,0.10895,USDCAD,0.14142,AUDJPY,0.17118,AUDNZD,0.19643,EURJPY,0.16667,EURNZD,0.11613,USDJPY,0.10985,AUDCAD,0.17911,AUDCHF,0.18898,CADCHF,0.32733,CADCHF,0.0876,EURCHF,0.16477,EURCHF,0.17118,USDJPY,0.28868,USDJPY,0.40825,USDCAD,0.12179,GBPCHF,0.14142,AUDCHF,0.30151,EURJPY,0.21822,NZDUSD,0.21822,EURAUD,0.19872,EURAUD,0.13363,EURNZD,0.20412,EURJPY,0.21822,NZDJPY,0.10206,EURJPY,0.09054,CADCHF,0.2,EURUSD,0.2,USDCHF,0.16667,CHFJPY,0.21822,EURNZD,0.11613,AUDUSD,0.13876,CADCHF,0.21212,GBPJPY,0.21822,EURNZD,0.2,USDCAD,0.12179,EURCAD,0.19094,GBPAUD,0.24232,AUDCHF,0.21822,EURCHF,0.21822,NZDCAD,0.16386,NZDCHF,0.20751,NZDJPY,0.38516,AUDJPY,0.2,EURAUD,0.35635,NZDCAD,0.12039,AUDCHF,0.12016,CADJPY,0.16667,EURCHF,0.12309,CADCHF,0.32733,GBPAUD,0.12039,USDJPY,0.19094,EURCAD,0.2,USDCAD,0.21822,AUDCHF,0.35635,NZDJPY,0.16013,GBPCAD,0.19094,GBPUSD,0.30151,GBPAUD,0.26189,USDCHF,0.40825,GBPCAD,0.11859,GBPJPY,0.08183,NZDUSD,0.2,NZDJPY,0.09449,EURNZD,0.21822,EURCAD,0.11859,AUDCHF,0.27866,GBPUSD,0.24232,GBPUSD,0.21822,GBPCHF,0.40825,NZDCAD,0.08353,EURJPY,0.08183,AUDJPY,0.17911,EURNZD,0.16667,GBPUSD,0.2,EURCHF,0.09054,EURGBP,0.09782,USDJPY,0.17118,USDJPY,0.18464,AUDNZD,0.16667,NZDJPY,0.08006,USDJPY,0.14434,GBPUSD,0.24232,USDJPY,0.18464,AUDNZD,0.16667,EURJPY,0.11613,EURNZD,0.13363,NZDCHF,0.1005,NZDJPY,0.09449,EURNZD,0.21822,GBPAUD,0.12039,CADJPY,0.21822,EURGBP,0.28721,AUDCHF,0.21822,CADCHF,0.35635,AUDJPY,0.19612,GBPJPY,0.22591,NZDCHF,0.20412,AUDCHF,0.21822,USDCAD,0.35635
EURNZD,0.12179,GBPUSD,0.14382,GBPCAD,0.16667,EURAUD,0.28868,EURUSD,0.25,EURCAD,0.15743,USDCHF,0.21822,EURNZD,0.28721,NZDUSD,0.21822,EURGBP,0.2,NZDUSD,0.12581,USDJPY,0.19094,EURCAD,0.2,NZDJPY,0.09449,USDCAD,0.16667,USDCHF,0.11859,EURCAD,0.08183,USDJPY,0.12309,NZDCAD,0.11111,EURNZD,0.2,AUDUSD,0.12157,NZDCHF,0.13363,USDCHF,0.12309,EURGBP,0.21822,USDJPY,0.25,GBPAUD,0.08058,AUDUSD,0.22591,CADJPY,0.17118,GBPJPY,0.16667,AUDCHF,0.21822,NZDUSD,0.10714,EURGBP,0.20751,CHFJPY,0.20412,AUDNZD,0.19643,AUDCHF,0.21822,NZDUSD,0.09054,AUDJPY,0.09782,GBPAUD,0.17118,CADCHF,0.19643,NZDJPY,0.16667,EURGBP,0.10714,CADJPY,0.10985,GBPJPY,0.17118,NZDUSD,0.18898,EURAUD,0.32733,AUDCHF,0.0876,GBPCHF,0.14434,EURNZD,0.16667,GBPAUD,0.2132,EURUSD,0.40825,CADCHF,0.12179,GBPJPY,0.13608,NZDCHF,0.30151,USDJPY,0.16667,AUDUSD,0.21822,GBPCHF,0.16386,GBPUSD,0.12585,GBPCAD,0.20412,EURCAD,0.21822,AUDJPY,0.10206,USDJPY,0.08353,EURCAD,0.13363,EURCHF,0.10483,EURCHF,0.16667,NZDCHF,0.08909,GBPUSD,0.10714,EURNZD,0.12016,GBPUSD,0.21212,GBPCAD,0.21822,EURCAD,0.2,USDJPY,0.12179,EURCHF,0.16477,EURAUD,0.21212,NZDUSD,0.21822,AUDCHF,0.21822,EURJPY,0.12581,CHFJPY,0.19767,CADCHF,0.32824,NZDJPY,0.2,AUDCAD,0.35635,GBPAUD,0.12,EURNZD,0.12016,USDJPY,0.16667,USDJPY,0.12309,AUDCHF,0.32733,NZDCAD,0.11433,CADJPY,0.19094,NZDUSD,0.2,AUDNZD,0.21822,EURAUD,0.35635,GBPCAD,0.11859,GBPCHF,0.18898,EURAUD,0.30151,USDCHF,0.21822,NZDCHF,0.40825,EURJPY,0.11613,CHFJPY,0.08183,AUDJPY,0.10483,AUDJPY,0.09449,EURGBP,0.21822,CHFJPY,0.11613,AUDCAD,0.26068,AUDCAD,0.17911,EURGBP,0.21822,USDCAD,0.40825,GBPAUD,0.08006,EURCAD,0.08183,USDJPY,0.12309,NZDCAD,0.11111,EURNZD,0.2,USDCAD,0.08353,GBPAUD,0.09782,GBPCHF,0.12088,GBPCAD,0.12309,NZDCHF,0.16667,AUDUSD,0.07462,CADJPY,0.14434,GBPCAD,0.17118,GBPCAD,0.12309,NZDCHF,0.16667,NZDUSD,0.11613,EURCAD,0.13363,EURJPY,0.1005,AUDJPY,0.09449,EURGBP,0.21822,EURGBP,0.09054,USDJPY,0.21822,CHFJPY,0.28721,NZDUSD,0.21822,USDCHF,0.25,CHFJPY,0.18094,USDCAD,0.20751,EURCHF,0.17118,USDCAD,0.21822,NZDUSD,0.32733
AUDCHF,0.11859,GBPAUD,0.12016,CADCHF,0.12309,GBPJPY,0.28868,GBPJPY,0.16667,EURAUD,0.15743,EURJPY,0.19094,NZDJPY,0.24232,USDCAD,0.21822,GBPUSD,0.2,GBPUSD,0.12581,CADJPY,0.19094,NZDCHF,0.2,AUDJPY,0.09449,USDJPY,0.16667,CHFJPY,0.11613,EURNZD,0.08183,CADJPY,0.12309,CADJPY,0.11111,NZDCAD,0.0,GBPCHF,0.12039,NZDJPY,0.12016,EURGBP,0.12309,EURJPY,0.21822,NZDJPY,0.25,NZDCHF,0.07114,EURNZD,0.21822,GBPCHF,0.12088,GBPAUD,0.12309,AUDCAD,0.21822,EURCHF,0.10714,AUDNZD,0.20751,AUDNZD,0.20412,NZDCHF,0.19643,AUDCAD,0.21822,EURCHF,0.09054,NZDJPY,0.09782,EURNZD,0.16667,USDCAD,0.19643,AUDJPY,0.16667,GBPUSD,0.10714,NZDJPY,0.10702,AUDUSD,0.12088,EURUSD,0.18898,NZDUSD,0.25,AUDCAD,0.07462,NZDCHF,0.13608,GBPUSD,0.12309,AUDUSD,0.2,AUDCHF,0.21822,CADJPY,0.11859,GBPCAD,0.13608,USDJPY,0.28721,NZDCAD,0.16667,EURCAD,0.21822,NZDCHF,0.15743,NZDJPY,0.12016,EURGBP,0.20412,AUDNZD,0.21822,CADJPY,0.10206,USDCAD,0.07711,AUDCHF,0.13363,GBPCHF,0.10483,CHFJPY,0.11111,GBPJPY,0.08909,CHFJPY,0.10714,CADCHF,0.06917,AUDCAD,0.19192,NZDUSD,0.19643,EURGBP,0.2,EURCAD,0.11859,USDCAD,0.13608,GBPUSD,0.21212,GBPAUD,0.18464,EURCAD,0.2,GBPUSD,0.12581,USDCHF,0.15714,AUDCAD,0.28721,AUDCAD,0.18898,AUDJPY,0.25,CHFJPY,0.08058,GBPCHF,0.09782,CADCHF,0.12309,GBPJPY,0.12309,AUDCAD,0.32733,GBPUSD,0.09054,CADCHF,0.13363,GBPAUD,0.10483,EURNZD,0.16667,AUDCAD,0.35635,CADJPY,0.11859,EURCHF,0.14382,CHFJPY,0.20412,EURCHF,0.21822,NZDJPY,0.40825,GBPUSD,0.11613,EURJPY,0.07143,GBPCHF,0.10483,EURJPY,0.07143,CHFJPY,0.21822,NZDCHF,0.08353,NZDUSD,0.26068,EURAUD,0.17911,GBPCHF,0.21822,USDJPY,0.40825,NZDJPY,0.08006,EURNZD,0.08183,CADJPY,0.12309,CADJPY,0.11111,NZDCAD,0.0,USDJPY,0.08353,AUDUSD,0.09782,NZDCHF,0.10483,NZDCAD,0.12309,USDCAD,0.16667,GBPUSD,0.04516,GBPCAD,0.14434,EURGBP,0.17118,NZDCAD,0.12309,USDCAD,0.16667,GBPUSD,0.11613,NZDJPY,0.06917,NZDUSD,0.1005,EURJPY,0.07143,CHFJPY,0.21822,NZDUSD,0.09054,EURJPY,0.20536,AUDJPY,0.17911,EURUSD,0.21822,NZDCHF,0.25,NZDUSD,0.14804,EURAUD,0.20751,EURGBP,0.16667,EURUSD,0.21822,AUDUSD,0.32733
GBPJPY,0.11859,NZDJPY,0.12016,GBPUSD,0.12309,GBPAUD,0.2132,USDJPY,0.16667,EURCHF,0.15198,EURCAD,0.19094,GBPCHF,0.24232,CHFJPY,0.11111,CHFJPY,0.2,AUDCAD,0.12179,GBPCHF,0.18898,AUDUSD,0.10483,AUDUSD,0.09449,EURUSD,0.16667,EURUSD,0.08353,GBPAUD,0.05648,EURUSD,0.1005,USDCHF,0.11111,NZDJPY,0.0,USDCAD,0.08006,GBPJPY,0.08183,GBPJPY,0.12309,AUDNZD,0.21822,AUDJPY,0.25,EURUSD,0.07114,AUDJPY,0.19767,AUDUSD,0.12088,USDCHF,0.11111,NZDJPY,0.10206,CHFJPY,0.10714,NZDCAD,0.2018,NZDCHF,0.2,EURUSD,0.19643,NZDJPY,0.10206,GBPUSD,0.09054,AUDNZD,0.09782,EURGBP,0.16667,AUDJPY,0.18898,CADJPY,0.16667,GBPAUD,0.08058,GBPUSD,0.08597,AUDJPY,0.12088,AUDUSD,0.1,GBPAUD,0.25,AUDNZD,0.06732,USDCAD,0.13608,EURAUD,0.12309,AUDJPY,0.2,CADCHF,0.21822,GBPUSD,0.11613,EURJPY,0.13363,CADJPY,0.28721,CADJPY,0.16667,AUDJPY,0.08909,AUDUSD,0.15573,CADJPY,0.08183,AUDNZD,0.20412,GBPUSD,0.21822,USDCHF,0.10206,AUDCHF,0.07711,AUDCAD,0.13363,NZDJPY,0.10483,EURAUD,0.11111,GBPCHF,0.08909,EURCHF,0.10714,EURAUD,0.06917,GBPCHF,0.17911,AUDCAD,0.19643,GBPUSD,0.2,AUDNZD,0.0876,EURAUD,0.13608,GBPCHF,0.17911,EURCHF,0.16667,EURGBP,0.2,USDJPY,0.12179,NZDJPY,0.14833,USDCHF,0.25,AUDCHF,0.18898,CADJPY,0.25,EURCHF,0.08058,CHFJPY,0.08472,NZDCAD,0.12309,CADJPY,0.12309,EURAUD,0.32733,EURCAD,0.08353,EURCHF,0.12585,EURCHF,0.10483,EURAUD,0.16667,EURCHF,0.35635,EURJPY,0.11613,GBPUSD,0.12585,EURNZD,0.20412,EURJPY,0.19643,GBPCHF,0.40825,GBPCHF,0.08353,EURCAD,0.07143,GBPAUD,0.10483,EURCAD,0.07143,EURCAD,0.21822,GBPAUD,0.08006,CADCHF,0.2018,EURGBP,0.17118,USDCAD,0.21822,AUDCHF,0.21822,EURUSD,0.07711,GBPAUD,0.05648,EURUSD,0.1005,USDCHF,0.11111,NZDJPY,0.0,AUDCAD,0.08353,AUDCAD,0.09449,EURJPY,0.10483,EURNZD,0.12309,EURUSD,0.16667,USDCAD,0.04167,GBPCHF,0.1,GBPCHF,0.12088,EURNZD,0.12309,EURUSD,0.16667,GBPCHF,0.08353,AUDJPY,0.06917,EURCAD,0.1005,EURCAD,0.07143,EURCAD,0.21822,CADJPY,0.08353,CHFJPY,0.19094,NZDJPY,0.17911,CHFJPY,0.16667,USDCAD,0.25,EURCHF,0.14804,GBPAUD,0.13876,GBPJPY,0.16667,GBPJPY,0.16667,GBPAUD,0.32733
GBPUSD,0.11613,EURGBP,0.12016,NZDCAD,0.08206,EURGBP,0.18898,CADJPY,0.16667,CHFJPY,0.15198,USDJPY,0.16667,USDCAD,0.21212,GBPCAD,0.11111,GBPCAD,0.0,GBPJPY,0.12179,EURGBP,0.15714,GBPAUD,0.10483,CADCHF,0.07143,NZDUSD,0.10206,NZDCAD,0.08353,AUDJPY,0.05648,NZDCHF,0.1005,GBPCAD,0.11111,AUDJPY,0.0,AUDJPY,0.08006,EURNZD,0.07143,CHFJPY,0.12309,EURUSD,0.21822,GBPCAD,0.25,GBPCHF,0.07114,NZDJPY,0.19767,GBPAUD,0.12088,GBPCAD,0.11111,AUDJPY,0.10206,AUDUSD,0.10123,USDCAD,0.2,NZDUSD,0.2,AUDUSD,0.18898,AUDJPY,0.10206,AUDCAD,0.08353,GBPUSD,0.09513,CADCHF,0.12309,NZDJPY,0.18898,USDCHF,0.16667,NZDCHF,0.07114,EURCHF,0.08597,NZDCHF,0.10483,AUDJPY,0.1,AUDUSD,0.25,EURCHF,0.06204,GBPCAD,0.11111,USDCAD,0.08206,NZDJPY,0.2,EURCHF,0.21822,EURCHF,0.11613,USDCHF,0.13363,NZDJPY,0.24232,USDCHF,0.11111,NZDJPY,0.08909,CADJPY,0.12179,USDJPY,0.08183,NZDCHF,0.2,GBPCHF,0.21822,GBPCAD,0.10206,EURCAD,0.07711,USDCHF,0.13363,AUDJPY,0.10483,EURNZD,0.11111,USDJPY,0.08909,AUDNZD,0.10123,GBPJPY,0.05648,CADJPY,0.12309,EURGBP,0.19643,CHFJPY,0.2,AUDUSD,0.0876,GBPCAD,0.11111,AUDUSD,0.17911,GBPCAD,0.11111,GBPUSD,0.2,USDCHF,0.11859,AUDNZD,0.14833,GBPAUD,0.17118,NZDUSD,0.18898,NZDJPY,0.25,GBPUSD,0.08058,USDCAD,0.06917,GBPUSD,0.12309,NZDUSD,0.04029,GBPAUD,0.25,USDCHF,0.07711,NZDCAD,0.12585,GBPCHF,0.10483,GBPCAD,0.16667,NZDCAD,0.25,EURCHF,0.11613,EURGBP,0.12016,EURGBP,0.20412,EURGBP,0.19643,USDJPY,0.40825,NZDJPY,0.08006,EURNZD,0.07143,NZDJPY,0.10483,EURGBP,0.07143,GBPAUD,0.21822,NZDJPY,0.08006,GBPCHF,0.19026,CHFJPY,0.17118,GBPAUD,0.18464,CADCHF,0.21822,NZDCHF,0.07711,AUDJPY,0.05648,NZDCHF,0.1005,GBPCAD,0.11111,AUDJPY,0.0,AUDUSD,0.05366,USDCHF,0.09449,EURCAD,0.10483,NZDJPY,0.1066,GBPAUD,0.10206,EURCAD,0.04167,EURGBP,0.09782,AUDUSD,0.12088,NZDJPY,0.1066,GBPAUD,0.10206,NZDJPY,0.08006,EURGBP,0.06917,CADJPY,0.08206,EURGBP,0.07143,GBPAUD,0.21822,AUDCHF,0.08353,NZDCHF,0.13363,GBPAUD,0.17911,EURCHF,0.16667,EURUSD,0.25,EURAUD,0.13074,EURGBP,0.13876,EURNZD,0.16667,EURNZD,0.16667,CHFJPY,0.21822
EURCHF,0.11613,CHFJPY,0.08183,AUDCAD,0.08206,GBPUSD,0.18898,AUDJPY,0.16667,GBPCHF,0.12721,CADJPY,0.16667,CADCHF,0.21212,EURAUD,0.11111,EURJPY,0.0,AUDCHF,0.11859,GBPAUD,0.15714,GBPCHF,0.10483,EURUSD,0.07143,AUDUSD,0.10206,AUDNZD,0.07462,NZDJPY,0.05648,EURJPY,0.1005,GBPJPY,0.11111,CADJPY,0.0,GBPJPY,0.08006,EURUSD,0.0625,AUDNZD,0.12309,GBPCAD,0.16667,CADJPY,0.25,AUDUSD,0.06204,AUDCAD,0.19094,NZDUSD,0.10483,CADJPY,0.11111,CADJPY,0.10206,EURUSD,0.09054,EURAUD,0.2,EURCAD,0.2,AUDJPY,0.09449,CADJPY,0.10206,GBPJPY,0.08353,USDCHF,0.09449,USDCAD,0.12309,GBPUSD,0.07143,NZDCHF,0.16667,EURUSD,0.07114,USDCAD,0.06727,EURJPY,0.10483,NZDJPY,0.1,GBPCHF,0.10206,NZDUSD,0.06204,CADJPY,0.11111,AUDCAD,0.08206,GBPUSD,0.18898,EURAUD,0.21822,AUDNZD,0.0876,AUDCHF,0.13363,GBPCHF,0.24232,GBPCAD,0.11111,CADJPY,0.08909,EURCAD,0.12179,EURJPY,0.07143,EURJPY,0.2,USDCAD,0.21822,GBPJPY,0.10206,EURAUD,0.07711,EURGBP,0.06917,AUDCAD,0.1005,CADJPY,0.11111,CADJPY,0.08909,NZDCAD,0.09054,GBPCAD,0.05648,AUDNZD,0.12309,AUDCHF,0.19643,GBPAUD,0.0,NZDCAD,0.08353,NZDCAD,0.10985,EURGBP,0.12309,EURAUD,0.11111,GBPAUD,0.0,EURAUD,0.11859,AUDCHF,0.12016,AUDJPY,0.17118,EURUSD,0.18898,USDJPY,0.25,EURJPY,0.08058,EURAUD,0.06917,USDCAD,0.12309,AUDCAD,0.04029,NZDUSD,0.25,GBPCAD,0.07711,EURGBP,0.12016,AUDUSD,0.10483,GBPAUD,0.12309,USDCHF,0.25,AUDNZD,0.0876,AUDNZD,0.12016,NZDCHF,0.2,GBPUSD,0.19643,NZDCAD,0.40825,GBPAUD,0.08006,NZDUSD,0.07143,CADCHF,0.1005,GBPUSD,0.07143,USDCHF,0.08909,GBPCHF,0.07711,USDJPY,0.16477,EURJPY,0.10483,EURAUD,0.16667,EURAUD,0.21822,GBPUSD,0.04516,NZDJPY,0.05648,EURJPY,0.1005,GBPJPY,0.11111,CADJPY,0.0,NZDCHF,0.0467,NZDUSD,0.09449,NZDUSD,0.10483,AUDJPY,0.1066,NZDUSD,0.10206,EURAUD,0.04167,GBPAUD,0.09782,NZDCHF,0.10483,AUDJPY,0.1066,NZDUSD,0.10206,GBPAUD,0.08006,AUDUSD,0.06917,EURGBP,0.08206,GBPUSD,0.07143,USDCHF,0.08909,EURAUD,0.07711,EURAUD,0.13363,EURCHF,0.17911,EURNZD,0.16667,AUDNZD,0.25,AUDNZD,0.1158,CHFJPY,0.08472,USDCAD,0.12309,GBPAUD,0.12309,EURGBP,0.21822
NZDJPY,0.08006,NZDUSD,0.0625,NZDJPY,0.0428,CADCHF,0.18898,NZDJPY,0.16667,NZDCAD,0.12721,GBPCHF,0.14434,EURAUD,0.21212,USDJPY,0.11111,NZDUSD,0.0,EURGBP,0.11613,EURCHF,0.14382,AUDJPY,0.10483,AUDCAD,0.07143,AUDCHF,0.08909,EURCHF,0.04516,EURUSD,0.05455,EURCAD,0.1005,CHFJPY,0.11111,USDCAD,0.0,EURNZD,0.08006,EURJPY,0.0625,EURJPY,0.1005,CADJPY,0.16667,NZDCAD,0.16667,GBPUSD,0.05519,GBPJPY,0.16667,NZDCHF,0.10483,CHFJPY,0.11111,USDCHF,0.10206,AUDNZD,0.06204,EURUSD,0.13363,GBPCHF,0.10483,NZDJPY,0.09449,USDCHF,0.10206,GBPCAD,0.07711,NZDUSD,0.09449,NZDCAD,0.12309,AUDCHF,0.07143,USDJPY,0.16667,AUDNZD,0.06204,CADCHF,0.06727,AUDCHF,0.10483,NZDCHF,0.09449,USDJPY,0.10206,EURGBP,0.06204,USDJPY,0.11111,NZDCAD,0.08206,USDCAD,0.18898,AUDCAD,0.21822,GBPCHF,0.08353,NZDUSD,0.13363,CADCHF,0.21212,GBPJPY,0.11111,NZDCAD,0.08909,EURNZD,0.11859,EURCAD,0.07143,AUDCHF,0.2,EURCHF,0.16667,NZDCHF,0.10206,EURNZD,0.07711,AUDNZD,0.06917,USDCAD,0.1005,USDJPY,0.11111,AUDJPY,0.08909,EURUSD,0.09054,CADJPY,0.05648,USDJPY,0.12309,GBPCHF,0.19643,EURJPY,0.0,NZDJPY,0.08006,AUDUSD,0.08472,AUDNZD,0.12309,CADJPY,0.11111,GBPCAD,0.0,GBPAUD,0.08006,NZDUSD,0.12016,EURCHF,0.17118,EURCAD,0.18898,EURJPY,0.25,EURGBP,0.08058,CADCHF,0.06917,AUDCAD,0.08206,USDCAD,0.04029,AUDUSD,0.25,AUDCHF,0.07711,AUDUSD,0.12016,GBPUSD,0.1005,USDCHF,0.11111,GBPJPY,0.25,GBPCHF,0.08353,CHFJPY,0.08183,EURUSD,0.2,AUDJPY,0.18898,EURCHF,0.21822,NZDCHF,0.07711,AUDCHF,0.0625,GBPUSD,0.1005,NZDCHF,0.07143,EURJPY,0.08909,NZDUSD,0.04516,CADJPY,0.16477,AUDCHF,0.10483,USDCHF,0.16667,EURCHF,0.21822,USDJPY,0.04167,EURUSD,0.05455,EURCAD,0.1005,CHFJPY,0.11111,USDCAD,0.0,EURUSD,0.0467,AUDNZD,0.04891,EURUSD,0.10483,AUDUSD,0.1066,AUDUSD,0.10206,EURNZD,0.04167,EURNZD,0.09449,NZDUSD,0.10483,AUDUSD,0.1066,AUDUSD,0.10206,NZDCHF,0.07711,AUDNZD,0.06917,GBPJPY,0.08206,NZDCHF,0.07143,EURJPY,0.08909,AUDJPY,0.07711,EURCHF,0.12585,CADJPY,0.12309,GBPAUD,0.12309,EURJPY,0.16667,CADCHF,0.1144,NZDCHF,0.06917,GBPAUD,0.0428,CHFJPY,0.11111,GBPUSD,0.21822
NZDCHF,0.07711,AUDCAD,0.0625,GBPCHF,0.0428,GBPCHF,0.18898,GBPAUD,0.10206,NZDUSD,0.09054,USDCAD,0.13608,NZDCAD,0.19192,CADJPY,0.11111,AUDUSD,0.0,GBPAUD,0.08006,GBPUSD,0.14382,EURCHF,0.10483,EURCAD,0.07143,CADCHF,0.08909,GBPCAD,0.04167,USDCHF,0.05455,EURNZD,0.08206,USDJPY,0.11111,EURJPY,0.0,AUDNZD,0.04052,EURCAD,0.0625,EURCAD,0.1005,USDJPY,0.16667,USDCHF,0.16667,CADJPY,0.04516,NZDCAD,0.16477,EURJPY,0.10483,USDJPY,0.11111,EURJPY,0.10206,EURGBP,0.05519,EURNZD,0.13363,AUDUSD,0.10483,GBPCHF,0.07143,EURJPY,0.10206,USDJPY,0.07711,EURUSD,0.09449,GBPUSD,0.08206,EURCAD,0.07143,GBPAUD,0.10206,EURCHF,0.05519,NZDCHF,0.06727,GBPCHF,0.0989,CADCHF,0.09449,GBPCAD,0.10206,GBPCHF,0.05366,NZDCAD,0.10985,AUDUSD,0.0428,EURUSD,0.18898,GBPUSD,0.2,GBPAUD,0.08006,EURNZD,0.13363,EURAUD,0.19192,CHFJPY,0.11111,USDCHF,0.08909,AUDCHF,0.11859,AUDCHF,0.0625,GBPAUD,0.10483,GBPAUD,0.12309,GBPCHF,0.10206,AUDCAD,0.07711,EURCHF,0.06727,EURAUD,0.1005,NZDCHF,0.05455,NZDJPY,0.08909,GBPAUD,0.08058,USDJPY,0.05648,EURCAD,0.1005,AUDJPY,0.09449,NZDCHF,0.0,NZDCHF,0.07711,AUDCAD,0.08183,NZDUSD,0.1005,USDJPY,0.11111,NZDUSD,0.0,NZDJPY,0.08006,EURNZD,0.12016,USDCAD,0.12309,GBPAUD,0.1066,USDCHF,0.16667,EURAUD,0.08006,GBPCAD,0.05648,EURAUD,0.08206,EURGBP,0.04029,EURCHF,0.21822,GBPCHF,0.0467,GBPCAD,0.08183,CADCHF,0.1005,GBPUSD,0.05455,AUDNZD,0.25,GBPAUD,0.08006,EURNZD,0.07143,EURCHF,0.10483,NZDJPY,0.18898,CADCHF,0.21822,CADJPY,0.04167,GBPCAD,0.05455,USDCAD,0.1005,GBPCHF,0.07143,GBPCAD,0.08909,EURGBP,0.04516,EURUSD,0.14382,NZDUSD,0.10483,CHFJPY,0.11111,AUDCAD,0.21822,CADCHF,0.04167,USDCHF,0.05455,EURNZD,0.08206,USDJPY,0.11111,EURJPY,0.0,NZDJPY,0.04013,GBPUSD,0.04757,GBPAUD,0.0989,EURGBP,0.04029,AUDCHF,0.08909,AUDJPY,0.04167,EURUSD,0.09449,GBPAUD,0.0989,EURGBP,0.04029,AUDCHF,0.08909,EURNZD,0.04167,GBPUSD,0.06727,USDJPY,0.08206,GBPCHF,0.07143,GBPCAD,0.08909,USDCHF,0.07711,EURGBP,0.12016,AUDNZD,0.12309,EURAUD,0.11111,USDJPY,0.16667,USDCAD,0.1144,CADJPY,0.05648,AUDJPY,0.0428,EURCHF,0.11111,GBPJPY,0.08909
GBPCHF,0.07711,GBPCAD,0.05455,GBPAUD,0.0428,EURJPY,0.09449,AUDCHF,0.08909,AUDJPY,0.08353,CHFJPY,0.11111,AUDUSD,0.17911,NZDCAD,0.11111,USDJPY,0.0,AUDNZD,0.07462,USDCAD,0.13363,USDCAD,0.1005,AUDCHF,0.07143,EURCHF,0.08909,EURCAD,0.04167,GBPJPY,0.02778,USDCHF,0.08206,EURCAD,0.05455,GBPAUD,0.0,NZDCHF,0.04013,GBPCAD,0.05455,NZDCHF,0.1005,GBPJPY,0.11111,EURJPY,0.16667,USDCHF,0.04516,GBPUSD,0.10985,EURUSD,0.10483,EURNZD,0.11111,GBPCAD,0.10206,GBPCAD,0.04516,AUDUSD,0.06917,AUDJPY,0.10483,EURCAD,0.07143,GBPCAD,0.10206,CADJPY,0.07711,EURGBP,0.04891,EURAUD,0.08206,GBPCHF,0.07143,EURAUD,0.08909,GBPCAD,0.04516,EURAUD,0.06727,GBPAUD,0.0989,GBPCHF,0.09449,USDCAD,0.10206,GBPAUD,0.04052,NZDUSD,0.08183,GBPAUD,0.0428,EURGBP,0.18898,EURCAD,0.2,NZDJPY,0.08006,NZDJPY,0.06917,GBPAUD,0.17911,EURNZD,0.11111,GBPCAD,0.08909,EURGBP,0.11613,GBPCAD,0.05455,AUDJPY,0.10483,GBPCAD,0.11111,USDJPY,0.10206,NZDUSD,0.07114,NZDCHF,0.06667,CHFJPY,0.0,AUDCHF,0.05455,EURUSD,0.08909,AUDCAD,0.04516,GBPUSD,0.03257,EURJPY,0.1005,NZDJPY,0.09449,GBPCHF,0.0,EURCHF,0.04516,AUDJPY,0.05648,CADJPY,0.08206,GBPUSD,0.05455,AUDUSD,0.0,AUDNZD,0.07462,AUDCAD,0.12016,EURAUD,0.08206,AUDNZD,0.09449,NZDCHF,0.16667,USDCAD,0.08006,GBPJPY,0.05648,NZDJPY,0.0428,EURCAD,0.04029,AUDNZD,0.10206,NZDCHF,0.03382,AUDCAD,0.0625,EURAUD,0.1005,NZDCHF,0.05455,NZDCHF,0.16667,NZDCHF,0.07711,NZDUSD,0.07143,GBPAUD,0.10483,CADCHF,0.07143,EURGBP,0.2,AUDJPY,0.04167,GBPCHF,0.04725,USDJPY,0.0,USDCAD,0.07143,NZDCHF,0.08909,EURAUD,0.04167,USDCHF,0.12585,EURUSD,0.10483,CADJPY,0.11111,GBPUSD,0.2,EURNZD,0.04167,GBPJPY,0.02778,USDCHF,0.08206,EURCAD,0.05455,GBPAUD,0.0,GBPAUD,0.04013,EURJPY,0.04725,AUDUSD,0.0989,EURCAD,0.04029,EURCHF,0.08909,GBPJPY,0.03846,AUDUSD,0.04891,AUDJPY,0.0989,EURCAD,0.04029,EURCHF,0.08909,AUDJPY,0.04167,EURJPY,0.0,AUDNZD,0.08206,USDCAD,0.07143,NZDCHF,0.08909,USDCAD,0.07711,NZDUSD,0.07143,USDJPY,0.12309,CADJPY,0.11111,CADJPY,0.16667,NZDCHF,0.09829,USDJPY,0.05648,NZDJPY,0.0428,CADJPY,0.11111,USDJPY,0.08909
CADCHF,0.04167,GBPJPY,0.05455,GBPJPY,0.04167,EURCAD,0.09449,EURCHF,0.08909,EURGBP,0.07114,NZDCAD,0.10985,NZDUSD,0.1005,USDCHF,0.11111,CADJPY,0.0,CADJPY,0.04167,AUDJPY,0.12016,EURAUD,0.1005,GBPUSD,0.07143,EURAUD,0.08909,EURAUD,0.04167,GBPCAD,0.02778,GBPCAD,0.08206,GBPUSD,0.05455,AUDUSD,0.0,EURUSD,0.04013,GBPCHF,0.04725,EURUSD,0.1005,CHFJPY,0.11111,GBPJPY,0.16667,EURCAD,0.03548,EURJPY,0.08183,NZDJPY,0.0989,EURGBP,0.05455,NZDCHF,0.10206,CADJPY,0.04516,AUDJPY,0.06917,NZDJPY,0.10483,USDCAD,0.07143,NZDCHF,0.10206,USDCAD,0.07711,EURCHF,0.04757,AUDCAD,0.08206,NZDUSD,0.07143,AUDCHF,0.08909,EURCAD,0.04516,AUDJPY,0.03257,NZDJPY,0.0989,USDCAD,0.09449,CADJPY,0.10206,AUDUSD,0.01478,GBPAUD,0.05648,GBPCAD,0.04167,AUDCHF,0.09449,EURNZD,0.2,NZDCHF,0.07711,EURGBP,0.06917,EURCHF,0.17911,EURGBP,0.05455,GBPJPY,0.08909,EURCHF,0.11613,GBPJPY,0.05455,EURCHF,0.10483,GBPJPY,0.11111,EURUSD,0.10206,CHFJPY,0.07114,USDCAD,0.06667,EURNZD,0.0,GBPCHF,0.05455,USDCHF,0.08909,USDJPY,0.04516,NZDCAD,0.03257,AUDCHF,0.1005,EURJPY,0.07143,CADJPY,0.0,GBPJPY,0.04167,EURGBP,0.05648,USDJPY,0.08206,EURCAD,0.05455,CADJPY,0.0,NZDUSD,0.04516,EURCHF,0.10702,EURNZD,0.04167,NZDCHF,0.09449,USDCAD,0.16667,AUDCAD,0.08006,EURCHF,0.03257,GBPAUD,0.0428,EURJPY,0.04029,EURJPY,0.10206,AUDUSD,0.02764,NZDUSD,0.0625,USDCAD,0.1005,AUDCHF,0.05455,USDCAD,0.16667,AUDJPY,0.04167,USDCHF,0.07143,CADCHF,0.1005,USDCAD,0.07143,EURCAD,0.2,CADCHF,0.03846,EURGBP,0.01849,EURCAD,0.0,AUDNZD,0.07143,GBPCHF,0.08909,EURNZD,0.04167,EURCAD,0.12585,GBPAUD,0.0989,USDJPY,0.11111,CHFJPY,0.2,CADJPY,0.04167,GBPCAD,0.02778,GBPCAD,0.08206,GBPUSD,0.05455,AUDUSD,0.0,EURJPY,0.0097,EURCAD,0.04725,AUDJPY,0.0989,GBPUSD,0.04029,EURAUD,0.08909,USDJPY,0.03846,AUDNZD,0.04891,EURNZD,0.0428,GBPUSD,0.04029,EURAUD,0.08909,EURCAD,0.03846,GBPCAD,0.0,GBPAUD,0.03161,AUDNZD,0.07143,GBPCHF,0.08909,CHFJPY,0.07114,EURNZD,0.07143,NZDCHF,0.1005,USDJPY,0.11111,AUDJPY,0.16667,GBPAUD,0.08165,USDCHF,0.01849,USDCHF,0.04167,USDJPY,0.11111,CADJPY,0.08909
EURAUD,0.04167,GBPCHF,0.04725,CHFJPY,0.04167,NZDCHF,0.09449,EURAUD,0.08909,GBPAUD,0.04013,AUDJPY,0.08472,EURCAD,0.1005,CADCHF,0.05455,AUDJPY,0.0,USDCAD,0.04167,GBPCAD,0.08183,AUDCAD,0.1005,EURGBP,0.07143,AUDCAD,0.08909,EURNZD,0.04167,EURCHF,0.02746,GBPJPY,0.08206,NZDCHF,0.05455,GBPJPY,0.0,NZDCAD,0.04013,EURGBP,0.01849,GBPCAD,0.08206,NZDCAD,0.11111,USDCAD,0.16667,AUDCHF,0.03548,EURUSD,0.08183,AUDJPY,0.0989,EURJPY,0.05455,USDJPY,0.10206,AUDCAD,0.04516,NZDJPY,0.06917,USDCAD,0.1005,GBPCAD,0.05455,USDJPY,0.10206,CHFJPY,0.07114,NZDCAD,0.04757,EURCHF,0.0428,AUDCAD,0.07143,EURCHF,0.08909,CADJPY,0.04516,AUDUSD,0.03257,EURGBP,0.0428,AUDNZD,0.09449,AUDJPY,0.10206,GBPCAD,0.00649,AUDUSD,0.05648,CADJPY,0.04167,NZDCHF,0.09449,EURGBP,0.2,USDCHF,0.04167,GBPAUD,0.06917,EURGBP,0.12309,CADCHF,0.05455,GBPCHF,0.08909,GBPAUD,0.08006,EURGBP,0.01849,CADCHF,0.1005,EURNZD,0.11111,EURCAD,0.0,NZDCAD,0.0467,EURNZD,0.0,AUDCHF,0.0,NZDUSD,0.05455,AUDCHF,0.04762,CADJPY,0.04516,EURJPY,0.01849,EURGBP,0.08206,EURCAD,0.07143,AUDJPY,0.0,AUDJPY,0.04167,AUDNZD,0.05648,EURCHF,0.03161,USDCAD,0.05455,AUDJPY,0.0,EURGBP,0.04516,CADJPY,0.08472,CADJPY,0.04167,CADCHF,0.09449,EURUSD,0.16667,AUDUSD,0.04052,GBPUSD,0.03257,EURCHF,0.0428,GBPCHF,0.04029,GBPJPY,0.10206,NZDUSD,0.0097,EURCAD,0.0625,AUDCAD,0.1005,CADCHF,0.05455,EURUSD,0.16667,USDCHF,0.04167,GBPAUD,0.01849,USDCAD,0.1005,EURUSD,0.07143,GBPUSD,0.2,USDJPY,0.03846,GBPUSD,0.00899,CADJPY,0.0,GBPJPY,0.05455,AUDNZD,0.08909,AUDCAD,0.04167,EURJPY,0.12585,GBPCHF,0.0989,AUDCHF,0.05455,EURCAD,0.2,USDCHF,0.03846,EURCHF,0.02746,GBPJPY,0.08206,NZDCHF,0.05455,GBPJPY,0.0,EURCAD,0.00321,EURNZD,0.04725,NZDJPY,0.0989,NZDCHF,0.04029,AUDCAD,0.08909,CADJPY,0.03846,NZDUSD,0.04725,CADJPY,0.0428,NZDCHF,0.04029,AUDCAD,0.08909,GBPCAD,0.03846,GBPJPY,0.0,GBPCHF,0.03161,GBPJPY,0.05455,AUDNZD,0.08909,AUDNZD,0.05366,USDCHF,0.0625,AUDCHF,0.1005,USDCHF,0.11111,NZDJPY,0.16667,NZDJPY,0.08165,EURNZD,0.01849,CADJPY,0.04167,USDCHF,0.11111,AUDJPY,0.08909
AUDJPY,0.04167,AUDUSD,0.01849,EURGBP,0.04167,AUDCHF,0.09449,AUDCAD,0.08909,NZDJPY,0.04013,AUDUSD,0.08472,USDJPY,0.08206,EURUSD,0.05455,NZDJPY,0.0,EURAUD,0.03846,AUDCAD,0.07143,NZDCAD,0.1005,EURAUD,0.05455,GBPUSD,0.0,CADJPY,0.03846,NZDCAD,0.02746,CHFJPY,0.08206,USDCAD,0.05455,NZDCHF,0.0,NZDJPY,0.04,GBPAUD,0.01849,EURNZD,0.08206,USDCHF,0.11111,EURUSD,0.16667,AUDJPY,0.03548,USDCHF,0.05455,USDCHF,0.0428,GBPUSD,0.05455,EURUSD,0.10206,AUDJPY,0.03548,GBPCHF,0.0,AUDCAD,0.1005,CHFJPY,0.05455,EURUSD,0.10206,NZDCAD,0.0467,EURCAD,0.04725,AUDNZD,0.04167,EURGBP,0.07143,AUDCAD,0.08909,EURAUD,0.03548,GBPAUD,0.03257,EURNZD,0.0428,GBPJPY,0.0,NZDJPY,0.10206,EURCAD,0.00649,EURGBP,0.05648,USDJPY,0.04167,EURCAD,0.09449,NZDCHF,0.0,AUDJPY,0.04167,AUDNZD,0.06917,EURNZD,0.12309,USDCAD,0.05455,USDCAD,0.08909,NZDCAD,0.07711,AUDJPY,0.01849,NZDCAD,0.1005,CADJPY,0.11111,GBPUSD,0.0,NZDJPY,0.04013,CADJPY,0.0,EURJPY,0.0,AUDCAD,0.05455,CADCHF,0.04762,GBPJPY,0.03548,EURCAD,0.01849,AUDJPY,0.03161,GBPUSD,0.07143,NZDJPY,0.0,AUDCAD,0.04167,NZDUSD,0.05455,AUDJPY,0.03161,EURGBP,0.05455,NZDJPY,0.0,USDCAD,0.03846,USDJPY,0.08472,USDJPY,0.04167,USDCAD,0.09449,AUDNZD,0.16667,GBPCHF,0.04013,NZDUSD,0.01849,EURGBP,0.04167,GBPUSD,0.04029,GBPCHF,0.10206,EURGBP,0.0097,GBPAUD,0.01849,NZDCAD,0.1005,NZDUSD,0.05455,NZDUSD,0.10206,USDCAD,0.04167,AUDJPY,0.01849,USDCHF,0.0,AUDNZD,0.07143,CHFJPY,0.2,EURNZD,0.03846,NZDCHF,0.0,EURNZD,0.0,EURNZD,0.05455,EURAUD,0.04762,USDCAD,0.03846,GBPAUD,0.10702,CADJPY,0.0428,EURJPY,0.05455,EURGBP,0.2,EURCAD,0.03846,NZDCAD,0.02746,CHFJPY,0.08206,USDCAD,0.05455,NZDCHF,0.0,AUDJPY,0.00321,EURUSD,0.04725,GBPCAD,0.0428,USDCAD,0.04029,GBPUSD,0.0,AUDCAD,0.03846,AUDCAD,0.04725,USDJPY,0.0428,USDCAD,0.04029,GBPUSD,0.0,AUDCHF,0.03846,CADJPY,0.0,AUDUSD,0.03161,EURNZD,0.05455,EURAUD,0.04762,NZDJPY,0.04013,AUDCHF,0.0625,EURNZD,0.08206,EURJPY,0.05455,GBPAUD,0.10206,EURNZD,0.04903,NZDUSD,0.01849,CHFJPY,0.04167,EURJPY,0.05455,NZDJPY,0.08909
USDCAD,0.04167,AUDNZD,0.01849,NZDUSD,0.0,AUDCAD,0.09449,CHFJPY,0.0,AUDNZD,0.02764,NZDUSD,0.08183,CADJPY,0.08206,AUDUSD,0.0,EURUSD,0.0,AUDJPY,0.03846,AUDUSD,0.01849,NZDUSD,0.0,GBPCAD,0.05455,EURCAD,0.0,NZDCHF,0.00321,NZDCHF,0.0,EURGBP,0.08206,EURGBP,0.05455,USDJPY,0.0,EURCAD,0.0,AUDNZD,0.01849,GBPCHF,0.03161,EURCAD,0.05455,AUDNZD,0.16667,CADCHF,0.03548,GBPCAD,0.02778,GBPCAD,0.0428,NZDCHF,0.05455,AUDNZD,0.10206,GBPCHF,0.0097,USDJPY,0.0,USDJPY,0.0,CADJPY,0.05455,AUDNZD,0.10206,GBPAUD,0.04013,AUDCHF,0.04725,AUDCHF,0.0,EURCHF,0.05455,GBPUSD,0.0,CADCHF,0.03548,EURGBP,0.03257,GBPCAD,0.0428,EURAUD,0.0,EURCAD,0.0,EURAUD,0.00649,EURNZD,0.05455,EURGBP,0.04167,AUDCAD,0.09449,NZDUSD,0.0,EURNZD,0.04167,EURAUD,0.06667,AUDNZD,0.08206,AUDNZD,0.05455,USDJPY,0.08909,USDJPY,0.04167,AUDNZD,0.01849,EURCAD,0.0,USDJPY,0.11111,EURNZD,0.0,EURGBP,0.0097,GBPCHF,0.0,NZDUSD,0.0,EURGBP,0.05455,EURCHF,0.04762,GBPCAD,0.03548,AUDCAD,0.01849,EURCHF,0.03161,CADCHF,0.07143,USDJPY,0.0,GBPCAD,0.03846,CADJPY,0.02778,USDCAD,0.0101,AUDUSD,0.0,USDCAD,0.0,CHFJPY,0.03548,USDCAD,0.06917,AUDNZD,0.04167,EURNZD,0.0,GBPAUD,0.10206,GBPJPY,0.0,AUDCAD,0.01849,GBPJPY,0.04167,AUDCHF,0.04029,GBPUSD,0.0,EURAUD,0.00321,GBPUSD,0.00899,AUDCHF,0.0,AUDCAD,0.05455,AUDUSD,0.10206,EURNZD,0.03846,NZDJPY,0.01849,CADJPY,0.0,CHFJPY,0.05455,USDCAD,0.0,EURGBP,0.03548,EURAUD,0.0,GBPJPY,0.0,CADJPY,0.05455,AUDCHF,0.04762,CADJPY,0.03846,EURGBP,0.10702,USDJPY,0.0428,NZDUSD,0.05455,GBPAUD,0.0,USDCAD,0.03846,NZDCHF,0.0,EURGBP,0.08206,EURGBP,0.05455,USDJPY,0.0,CADJPY,0.00321,EURAUD,0.0,AUDNZD,0.0428,EURUSD,0.04029,EURCAD,0.0,NZDUSD,0.03548,NZDCHF,0.0,AUDNZD,0.0428,EURUSD,0.04029,EURCAD,0.0,EURGBP,0.03548,AUDCHF,0.0,NZDJPY,0.03161,CADJPY,0.05455,AUDCHF,0.04762,NZDCHF,0.03382,NZDJPY,0.01849,USDCHF,0.08206,USDCAD,0.05455,AUDCHF,0.08909,USDJPY,0.04903,AUDJPY,0.00478,USDJPY,0.04167,NZDUSD,0.05455,EURUSD,0.08909
CADJPY,0.03846,EURCHF,0.00899,EURUSD,0.0,EURCHF,0.0,GBPUSD,0.0,AUDCAD,0.00321,AUDCAD,0.08183,AUDJPY,0.03161,AUDJPY,0.0,NZDCAD,0.0,GBPCAD,0.03846,NZDJPY,0.01849,USDJPY,0.0,EURCHF,0.05455,EURNZD,0.0,GBPCHF,0.00321,EURAUD,0.0,GBPAUD,0.03161,AUDJPY,0.0,NZDUSD,0.0,GBPUSD,0.0,GBPUSD,0.00899,GBPUSD,0.0101,GBPUSD,0.05455,EURCAD,0.0,CHFJPY,0.02597,CHFJPY,0.02778,CHFJPY,0.0428,GBPCHF,0.05455,EURCAD,0.0,GBPAUD,0.0,CADJPY,0.0,CADJPY,0.0,USDJPY,0.05455,EURCAD,0.0,AUDNZD,0.02764,AUDCAD,0.04725,EURCAD,0.0,NZDCAD,0.05455,EURNZD,0.0,USDJPY,0.03548,GBPCAD,0.02746,AUDNZD,0.0428,EURNZD,0.0,GBPUSD,0.0,EURNZD,0.00649,AUDCAD,0.05455,NZDUSD,0.0,EURCHF,0.0,AUDUSD,0.0,GBPCAD,0.03846,NZDCHF,0.06667,AUDJPY,0.03161,AUDJPY,0.0,AUDNZD,0.08909,CADCHF,0.03846,NZDCAD,0.00899,CADJPY,0.0,USDCHF,0.11111,CHFJPY,0.0,GBPJPY,0.00321,NZDUSD,0.0,NZDCHF,0.0,AUDJPY,0.0,EURAUD,0.04762,EURJPY,0.02597,AUDJPY,0.00478,EURAUD,0.0101,EURCHF,0.05455,NZDCAD,0.0,EURAUD,0.03846,USDJPY,0.02778,AUDCAD,0.0101,AUDJPY,0.0,USDJPY,0.0,EURCHF,0.03548,EURAUD,0.06917,NZDCHF,0.0,EURCHF,0.0,CADCHF,0.08909,GBPCAD,0.0,GBPAUD,0.00478,AUDCHF,0.0,CADCHF,0.04029,CHFJPY,0.0,CADCHF,0.00321,EURAUD,0.0,NZDCHF,0.0,EURGBP,0.05455,CADCHF,0.08909,CHFJPY,0.03548,EURAUD,0.0,USDJPY,0.0,CADJPY,0.05455,EURUSD,0.0,AUDNZD,0.00649,CADCHF,0.0,NZDCHF,0.0,USDJPY,0.05455,CADCHF,0.04762,EURCHF,0.03548,EURCHF,0.08597,USDCHF,0.0428,AUDCAD,0.05455,EURJPY,0.0,CHFJPY,0.03548,EURAUD,0.0,GBPAUD,0.03161,AUDJPY,0.0,NZDUSD,0.0,GBPJPY,0.00321,GBPCAD,0.0,GBPUSD,0.03161,AUDNZD,0.04029,EURNZD,0.0,NZDCHF,0.00321,EURAUD,0.0,USDCAD,0.03161,AUDNZD,0.04029,EURNZD,0.0,AUDUSD,0.00649,GBPCHF,0.0,GBPUSD,0.0101,USDJPY,0.05455,CADCHF,0.04762,EURCHF,0.0097,AUDJPY,0.01849,EURAUD,0.0101,AUDJPY,0.0,EURAUD,0.08909,CADJPY,0.03269,NZDJPY,0.00478,AUDNZD,0.04167,AUDJPY,0.0,EURJPY,0.08909
AUDNZD,0.00649,NZDCHF,0.0,NZDCHF,0.0,USDCHF,0.0,EURGBP,0.0,GBPCAD,0.00321,NZDJPY,0.05648,AUDCAD,0.0101,NZDJPY,0.0,USDCHF,0.0,EURCHF,0.03548,NZDCAD,0.00899,CADJPY,0.0,GBPAUD,0.04029,EURGBP,0.0,GBPAUD,0.0,USDCAD,0.0,USDCAD,0.0101,NZDJPY,0.0,GBPCAD,0.0,EURJPY,0.0,NZDCAD,0.00899,NZDCAD,0.0101,GBPCHF,0.05455,GBPUSD,0.0,NZDJPY,0.0,GBPCHF,0.0,AUDNZD,0.0428,AUDNZD,0.05455,EURNZD,0.0,NZDJPY,0.0,AUDCAD,0.0,EURUSD,0.0,USDCHF,0.05455,EURNZD,0.0,EURJPY,0.0097,EURAUD,0.0,NZDUSD,0.0,GBPAUD,0.04029,EURGBP,0.0,EURJPY,0.02597,AUDCHF,0.00899,GBPUSD,0.03161,NZDCAD,0.0,EURGBP,0.0,USDJPY,0.00649,EURAUD,0.0,NZDCHF,0.0,EURAUD,0.0,USDCAD,0.0,EURGBP,0.03548,CHFJPY,0.0,USDCAD,0.0101,NZDJPY,0.0,CADCHF,0.04762,AUDNZD,0.00649,CADCHF,0.0,USDJPY,0.0,NZDCHF,0.05455,EURGBP,0.0,AUDJPY,0.00321,USDJPY,0.0,EURGBP,0.0,NZDJPY,0.0,AUDCAD,0.04762,NZDJPY,0.0,AUDNZD,0.00478,NZDCAD,0.0101,GBPAUD,0.04029,AUDNZD,0.0,GBPUSD,0.03548,GBPUSD,0.02746,NZDCAD,0.0101,NZDJPY,0.0,AUDNZD,0.0,GBPCHF,0.00321,AUDJPY,0.00478,AUDCHF,0.0,USDCHF,0.0,EURCHF,0.08909,NZDUSD,0.0,AUDUSD,0.00478,EURJPY,0.0,GBPAUD,0.02273,EURGBP,0.0,AUDCAD,0.00321,USDCAD,0.0,GBPCAD,0.0,AUDUSD,0.0,EURNZD,0.0,EURGBP,0.03548,NZDCHF,0.0,AUDNZD,0.0,USDJPY,0.05455,AUDNZD,0.0,NZDCAD,0.00321,USDCAD,0.0,EURGBP,0.0,GBPAUD,0.04029,AUDCAD,0.04762,EURUSD,0.00321,USDCAD,0.06727,USDCAD,0.03161,EURUSD,0.05455,EURUSD,0.0,GBPCHF,0.00321,USDCAD,0.0,USDCAD,0.0101,NZDJPY,0.0,GBPCAD,0.0,USDCHF,0.00321,USDCAD,0.0,USDCAD,0.03161,GBPAUD,0.02273,EURGBP,0.0,EURUSD,0.00321,USDCAD,0.0,AUDCAD,0.03161,GBPAUD,0.02273,EURGBP,0.0,AUDNZD,0.00649,USDJPY,0.0,AUDCAD,0.0101,GBPAUD,0.04029,AUDCAD,0.04762,EURNZD,0.00321,AUDNZD,0.01849,USDCAD,0.0101,NZDJPY,0.0,AUDCAD,0.08909,USDCHF,0.03269,AUDNZD,0.00478,NZDUSD,0.0,NZDJPY,0.0,CADCHF,0.04762
